number,value,datetime_start,datetime_complete,duration,params_colsample_bytree,params_gamma,params_learning_rate,params_max_delta_step,params_max_depth,params_min_child_weight,params_n_estimators,params_reg_alpha,params_reg_lambda,params_scale_pos_weight,params_subsample,state
0,0.805363038632651,2025-05-20 07:58:36.285969,2025-05-20 07:58:56.441011,0 days 00:00:20.155042,0.7402943627113941,0.2457711807543228,0.1368853587001761,6,10,4,161,0.1246499846583764,0.503943995216344,6.781483009124221,0.8025851621481243,COMPLETE
1,0.6407311463886021,2025-05-20 07:58:36.287976,2025-05-20 07:58:47.635066,0 days 00:00:11.347090,0.8685502205127861,4.5455148381370005,0.01723714475573224,2,6,1,130,0.853587036420645,0.31113929610064195,19.474004913618256,0.988262557810135,COMPLETE
2,0.7661563494382764,2025-05-20 07:58:36.289970,2025-05-20 07:58:47.157323,0 days 00:00:10.867353,0.9541615860540152,1.5171052656604873,0.18607094630160484,9,6,2,128,0.6078237348292982,0.7972553977981752,36.04106772584278,0.7062654838465904,COMPLETE
3,0.7792688374672542,2025-05-20 07:58:36.291956,2025-05-20 07:59:06.656938,0 days 00:00:30.364982,0.9655341029276265,0.7887342284286225,0.057554019925343064,1,8,2,288,0.6162365899573308,0.8478907317453097,23.036158857294037,0.7652575650370828,COMPLETE
4,0.7223142904252817,2025-05-20 07:58:36.295220,2025-05-20 07:58:44.449413,0 days 00:00:08.154193,0.8595533963388621,4.889276241095389,0.1601947030301154,0,7,4,181,0.8551916480276486,0.0934017820833265,22.164852220625296,0.9142012912258233,COMPLETE
5,0.7444898931057817,2025-05-20 07:58:36.296269,2025-05-20 07:58:54.808240,0 days 00:00:18.511971,0.8903701306637168,3.0956618116103467,0.11578892906327372,3,6,5,298,0.2091453470330038,0.8432724534597167,24.56812910837913,0.8211497480527445,COMPLETE
6,0.7515017448661498,2025-05-20 07:58:36.299768,2025-05-20 07:58:50.447925,0 days 00:00:14.148157,0.9534859202803945,0.8447364878851332,0.24913390583623482,0,4,5,240,0.5251411973833177,0.2332981880101589,23.75244036109351,0.9588179604068081,COMPLETE
7,0.6823231378303878,2025-05-20 07:58:36.301767,2025-05-20 07:58:45.063113,0 days 00:00:08.761346,0.929197275960326,1.9065790071544915,0.07247708657835727,4,6,5,104,0.5234730455378672,0.346174976493803,39.13320932805658,0.801541796654634,COMPLETE
8,0.7632014517373988,2025-05-20 07:58:44.456026,2025-05-20 07:58:55.702403,0 days 00:00:11.246377,0.86393173118931,2.177039612285589,0.29011675907034695,7,5,3,212,0.4293691501547773,0.01323140327079153,11.633621154352616,0.8971050292655973,COMPLETE
9,0.6875826991208328,2025-05-20 07:58:45.069113,2025-05-20 07:58:53.443544,0 days 00:00:08.374431,0.8121868945134902,2.950060348139687,0.2749099442500067,8,3,3,155,0.7842632029941395,0.8322915645211214,20.85125600592432,0.8436701645271822,COMPLETE
10,0.750484395395528,2025-05-20 07:58:47.163323,2025-05-20 07:59:13.178926,0 days 00:00:26.015603,0.7230978260158752,0.9761640818043105,0.04939973443419786,5,7,1,279,0.6560393863184399,0.9716228545541116,30.975114141687875,0.8551405778387305,COMPLETE
11,0.7538539523223339,2025-05-20 07:58:47.640627,2025-05-20 07:58:56.203011,0 days 00:00:08.562384,0.7372442051298898,2.6625770593861375,0.23333985322714898,10,4,5,160,0.2052550203716229,0.26296060148475353,3.776443715346078,0.8080144965536672,COMPLETE
12,0.7091966385181226,2025-05-20 07:58:50.455443,2025-05-20 07:59:10.426027,0 days 00:00:19.970584,0.7540829202562679,0.28162186169571224,0.016611708255387724,6,10,4,139,0.21634298300161425,0.48098808909078006,30.26171927143634,0.8698717057517285,COMPLETE
13,0.7427229893417456,2025-05-20 07:58:53.448544,2025-05-20 07:59:26.291544,0 days 00:00:32.843000,0.9740941892404593,3.586161297591084,0.01622329184592721,0,10,4,270,0.47830265201317745,0.6378768337936602,24.76123434576876,0.8606401090445128,COMPLETE
14,0.5959057112944193,2025-05-20 07:58:54.814242,2025-05-20 07:59:07.089937,0 days 00:00:12.275695,0.837364788031055,4.51013937931725,0.011737908840831611,4,6,5,139,0.4767664828278788,0.5999398313501756,36.3383386251815,0.9848138542601674,COMPLETE
15,0.6907786169923054,2025-05-20 07:58:55.707004,2025-05-20 07:59:05.259453,0 days 00:00:09.552449,0.7787726804745401,4.609688214050033,0.08217881046172813,10,6,4,114,0.4319384692530075,0.09881496574041493,37.13816433732012,0.721730445675557,COMPLETE
16,0.7739562979298531,2025-05-20 07:58:56.207013,2025-05-20 07:59:14.391497,0 days 00:00:18.184484,0.9096931819317408,0.7077788889610093,0.10223530047713118,4,7,4,195,0.9887844949852521,0.47888356662037945,26.924552964480142,0.7729995037237963,COMPLETE
17,0.7881000626046831,2025-05-20 07:58:56.447011,2025-05-20 07:59:26.516543,0 days 00:00:30.069532,0.716062500603734,0.3806737310426992,0.029262127187794394,5,10,4,238,0.039710249484195284,0.6170684662108765,5.1966946670411005,0.7358070319035244,COMPLETE
18,0.791080404303175,2025-05-20 07:59:05.263453,2025-05-20 07:59:24.704311,0 days 00:00:19.440858,0.9936900927407163,0.005034692705997601,0.035207604785992,6,10,1,147,0.6676789870775048,0.696465463603931,1.4682984557994416,0.7143219153108388,COMPLETE
19,0.8010890235644575,2025-05-20 07:59:06.663938,2025-05-20 07:59:43.124543,0 days 00:00:36.460605,0.9990368820310862,0.21453893230754523,0.03497086727740226,6,10,2,296,0.011722452301223957,0.6058245401563345,1.5648672365308016,0.7552400615209481,COMPLETE
20,0.8048692003277091,2025-05-20 07:59:07.093937,2025-05-20 07:59:44.353110,0 days 00:00:37.259173,0.7016331461518737,0.03248570148039703,0.034260237073407716,6,10,2,294,0.010921559171664125,0.5786915657010548,2.3840810171303843,0.7595350939892308,COMPLETE
21,0.8014422712493857,2025-05-20 07:59:10.429534,2025-05-20 07:59:48.176609,0 days 00:00:37.747075,0.9988070079132604,0.010265785710041442,0.039754919150678275,5,10,2,297,0.02911680359480162,0.9852635064810106,11.279645929665095,0.7650315441856103,COMPLETE
22,0.7944214679633392,2025-05-20 07:59:13.182940,2025-05-20 07:59:43.574109,0 days 00:00:30.391169,0.9857982599393114,0.1905191900496155,0.03609843526862289,2,10,2,239,0.025223513672195177,0.596467285627353,12.741155070388633,0.7615208158615724,COMPLETE
23,0.7938175531442181,2025-05-20 07:59:14.395494,2025-05-20 07:59:45.355703,0 days 00:00:30.960209,0.9975609724363919,0.09490968240051345,0.037884377477353945,2,10,2,242,0.011169014097607358,0.6531846410883604,14.339666429462975,0.7676562971509104,COMPLETE
24,0.7805953478453135,2025-05-20 07:59:24.708311,2025-05-20 07:59:52.725356,0 days 00:00:28.017045,0.7063032053378648,0.009086204352697358,0.034857955944139825,6,10,2,223,0.031201683667790234,0.6543275830413512,1.0497840871383728,0.7539383851512628,COMPLETE
25,0.7859192869749005,2025-05-20 07:59:26.294543,2025-05-20 07:59:46.206143,0 days 00:00:19.911600,0.7872309261836217,0.007986770862993292,0.03165214600138519,6,9,2,174,0.031107407850126778,0.6617499900448229,1.476745454202162,0.7420759075041052,COMPLETE
26,0.7798778242806524,2025-05-20 07:59:26.519547,2025-05-20 07:59:46.336647,0 days 00:00:19.817100,0.7960443201484255,0.06145816941223789,0.03581904914688765,7,9,2,169,0.32223821376652606,0.6999615571005539,9.023114230105783,0.7578847140069451,COMPLETE
27,0.7858446302385481,2025-05-20 07:59:43.128544,2025-05-20 08:00:11.659242,0 days 00:00:28.530698,0.788960178638635,1.3503751858153503,0.03295637560209556,8,9,2,251,0.005572954389770839,0.41160909353233244,9.949812409176912,0.7572152166788593,COMPLETE
28,0.786189526735185,2025-05-20 07:59:43.578109,2025-05-20 08:00:12.694851,0 days 00:00:29.116742,0.9966333937342018,1.4262315750090988,0.03170746764615453,7,9,2,255,0.01808002576653937,0.3995754064281619,10.335604783806236,0.760313343032036,COMPLETE
29,0.7831566900521861,2025-05-20 07:59:44.357110,2025-05-20 08:00:14.329292,0 days 00:00:29.972182,0.7732629214358776,1.487455887856011,0.02696944120477189,7,9,2,259,0.11811905553625436,0.40263237201671503,8.265176510429779,0.7815897462649001,COMPLETE
30,0.7839152361401674,2025-05-20 07:59:45.358705,2025-05-20 08:00:15.626175,0 days 00:00:30.267470,0.7850338961073818,1.2780309355656587,0.027268125417761843,7,9,3,265,0.12625097209167283,0.40063459103537996,7.9155364400584665,0.791656363618134,COMPLETE
31,0.7745313521934822,2025-05-20 07:59:46.209149,2025-05-20 08:00:16.895889,0 days 00:00:30.686740,0.7084246375588393,1.3513945957737301,0.022422107041677714,8,9,3,264,0.1311512457028665,0.40163298900975675,7.874535292389833,0.7906189609206453,COMPLETE
32,0.7765835310133887,2025-05-20 07:59:46.340647,2025-05-20 08:00:16.437890,0 days 00:00:30.097243,0.712708546211258,1.5719354431498067,0.0225618833891499,8,9,3,261,0.13377846997954046,0.38594885546209834,7.22706452824475,0.7909945955238619,COMPLETE
33,0.7776246573299153,2025-05-20 07:59:48.179610,2025-05-20 08:00:19.042703,0 days 00:00:30.863093,0.7568122732150528,1.3201256955323792,0.02377387174369039,8,9,3,264,0.11375633567284646,0.9774495419986057,7.638469873564516,0.7914436259801049,COMPLETE
34,0.7779531446200894,2025-05-20 07:59:52.729356,2025-05-20 08:00:23.344636,0 days 00:00:30.615280,0.7575191256209224,1.4100979865594199,0.022390301436011364,8,9,3,262,0.15087235231563623,0.4036696090611748,8.26485080140527,0.7944021626408347,COMPLETE
35,0.7692539527423434,2025-05-20 08:00:11.662243,2025-05-20 08:00:38.165837,0 days 00:00:26.503594,0.7457830296086079,1.2154651368137181,0.02276303229431692,5,8,3,260,0.1266194098845649,0.9966307521915317,6.82139053244168,0.789432021740036,COMPLETE
36,0.7500187827961468,2025-05-20 08:00:12.697858,2025-05-20 08:00:39.966047,0 days 00:00:27.268189,0.7663007335417389,0.5253792573549338,0.025050524584472957,5,8,3,268,0.13217467275072353,0.9962151550306851,16.794746878926205,0.7895405883416218,COMPLETE
37,0.7309839313762286,2025-05-20 08:00:14.331806,2025-05-20 08:00:35.210911,0 days 00:00:20.879105,0.7499076104290708,0.5764114250455168,0.02281336779004742,5,8,3,196,0.13060685254201548,0.9944122739873179,16.61823138679478,0.7962757317744026,COMPLETE
38,0.7593615749909527,2025-05-20 08:00:15.629683,2025-05-20 08:00:46.307149,0 days 00:00:30.677466,0.8313710043844283,0.51828842200289,0.020572224363949915,5,8,1,300,0.13195089382944067,0.541453349928982,16.005191989233396,0.8234911382169288,COMPLETE
39,0.7834032665775779,2025-05-20 08:00:16.440891,2025-05-20 08:00:44.606483,0 days 00:00:28.165592,0.7479223502088287,0.5221808520178368,0.04928359318867844,5,8,1,283,0.33197224115847945,0.9865144022661803,17.094517253248902,0.8309787947921581,COMPLETE
40,0.7961867564288025,2025-05-20 08:00:16.900890,2025-05-20 08:00:45.913162,0 days 00:00:29.012272,0.9358396617312392,0.521112087171049,0.04920677103460155,5,8,1,296,0.30881841433162194,0.9980002455894178,15.142611643105287,0.8274690025245467,COMPLETE
41,0.7964156152856695,2025-05-20 08:00:19.046703,2025-05-20 08:00:48.894584,0 days 00:00:29.847881,0.9370507068457038,0.512376686909798,0.04875075990710694,5,8,1,296,0.3149312221238438,0.5369235316698691,14.494822364781522,0.8208783538702528,COMPLETE
42,0.7951600853750614,2025-05-20 08:00:23.347635,2025-05-20 08:00:52.423607,0 days 00:00:29.075972,0.943203359291642,0.5741415381804873,0.050091261659879684,5,8,1,295,0.28224439183637884,0.5449685107669415,16.777256557920257,0.8305212650853601,COMPLETE
43,0.8060722737195933,2025-05-20 08:00:35.213913,2025-05-20 08:01:04.695649,0 days 00:00:29.481736,0.9478819615872783,0.4713994694314488,0.05034662816693334,3,8,1,300,0.3150853813363289,0.5460161571950781,4.446772815270556,0.8312620158483496,COMPLETE
44,0.804591153027375,2025-05-20 08:00:38.168837,2025-05-20 08:01:07.288114,0 days 00:00:29.119277,0.9405690261462525,0.47304119900528524,0.047902294491473825,4,8,1,297,0.2880353863308513,0.5302783898727901,4.1548241836656405,0.824885418215793,COMPLETE
45,0.8039953360564187,2025-05-20 08:00:39.970046,2025-05-20 08:01:06.114290,0 days 00:00:26.144244,0.9450536815022214,0.9160526853917068,0.04937028684218796,3,8,1,300,0.2926033783421864,0.5492871165010792,3.646339265088552,0.8315468977413487,COMPLETE
46,0.8078025054902781,2025-05-20 08:00:44.609484,2025-05-20 08:01:05.050649,0 days 00:00:20.441165,0.9466809180552145,0.9298157117160466,0.14098909918264246,4,10,1,298,0.2724890590130334,0.541117651165435,3.387445117425088,0.816781812136396,COMPLETE
47,0.8045877545002696,2025-05-20 08:00:45.916152,2025-05-20 08:01:10.311016,0 days 00:00:24.394864,0.8361247939719115,1.013701157123546,0.16356313332567943,3,10,1,293,0.2732881727254707,0.5407618540600206,4.392764876246099,0.7019885118466824,COMPLETE
48,0.805684592166425,2025-05-20 08:00:46.310288,2025-05-20 08:01:18.012676,0 days 00:00:31.702388,0.946762697207789,0.8782407575859168,0.060714104103452196,3,10,1,292,0.29699277372887484,0.7516107804548745,4.728298830645842,0.729599714725301,COMPLETE
49,0.8062165185069607,2025-05-20 08:00:48.897584,2025-05-20 08:01:19.682487,0 days 00:00:30.784903,0.8864820457874396,1.0248773053028593,0.06045627714934571,3,10,1,289,0.25436971492424854,0.7485554298247314,4.124030502650278,0.7018264037671897,COMPLETE
50,0.8080919168989054,2025-05-20 08:00:52.427209,2025-05-20 08:01:19.124059,0 days 00:00:26.696850,0.8869760211825128,0.9290713293930982,0.07011713208850114,4,10,1,289,0.22660791772099723,0.7912402656013682,4.333582808078612,0.8111178742452135,COMPLETE
51,0.8055725044456615,2025-05-20 08:01:04.701649,2025-05-20 08:01:35.862845,0 days 00:00:31.161196,0.96892393368393,0.9434925166182058,0.06542490533949441,3,10,2,278,0.24507737962831072,0.7811274025095079,4.272496997800051,0.7292767500239086,COMPLETE
52,0.8055401057281337,2025-05-20 08:01:05.054650,2025-05-20 08:01:22.371207,0 days 00:00:17.316557,0.9118396166286032,0.9693893435306742,0.17236045735840763,3,10,1,280,0.2463297927080418,0.9049803085428839,4.832087430677419,0.8806655060614231,COMPLETE
53,0.794021702205572,2025-05-20 08:01:06.117289,2025-05-20 08:01:24.270887,0 days 00:00:18.153598,0.891095659335353,1.027954625530528,0.16131413614440593,3,5,1,281,0.3794408981784335,0.46469362116785284,4.213585500396024,0.8431241810549663,COMPLETE
54,0.7780786996151977,2025-05-20 08:01:07.291630,2025-05-20 08:01:21.079873,0 days 00:00:13.788243,0.9191129418277423,1.876814796103531,0.15511421685097862,3,5,1,278,0.24733062395291,0.7632356199981055,4.073502873497375,0.8758283259055473,COMPLETE
55,0.7550361251847746,2025-05-20 08:01:10.314017,2025-05-20 08:01:27.759460,0 days 00:00:17.445443,0.8837798012625724,1.726955323798509,0.06445907014083388,4,5,1,276,0.3718630980953142,0.4756564428169639,5.473867892473777,0.9144659268780406,COMPLETE
56,0.7836098454037689,2025-05-20 08:01:18.015686,2025-05-20 08:01:33.522039,0 days 00:00:15.506353,0.8827464820066596,1.841501004821776,0.12344619466334006,1,7,1,277,0.22927742014549135,0.7925068915228641,5.676054356192907,0.8740247707381809,COMPLETE
57,0.7778641092661217,2025-05-20 08:01:19.128060,2025-05-20 08:01:38.426564,0 days 00:00:19.298504,0.8793588585006998,1.8041526314973373,0.06771937043842222,1,7,1,283,0.37697976558011187,0.9013726006413812,5.99145680915527,0.8789394263434145,COMPLETE
58,0.7515142642857024,2025-05-20 08:01:19.685472,2025-05-20 08:01:37.235702,0 days 00:00:17.550230,0.8794912650263248,1.9788631598108768,0.0667460532896737,1,5,1,278,0.3848588356806035,0.9063276251110586,5.376863875069104,0.8988202645020531,COMPLETE
59,0.7899042073097259,2025-05-20 08:01:21.082873,2025-05-20 08:01:44.918314,0 days 00:00:23.835441,0.8866268264505652,1.0700952131770518,0.06876547325593556,1,7,1,277,0.3662459262974965,0.9062817648411955,5.542227451638224,0.8446054587926254,COMPLETE
60,0.8069245531474865,2025-05-20 08:01:22.374318,2025-05-20 08:01:48.192750,0 days 00:00:25.818432,0.8747348084119514,0.7802362521883872,0.0645111605852525,1,10,1,283,0.37768826638746744,0.9070044477878315,6.131543566864062,0.9155762518183398,COMPLETE
61,0.7923094000450138,2025-05-20 08:01:24.275885,2025-05-20 08:01:42.537578,0 days 00:00:18.261693,0.8815306494247919,1.7667588478043244,0.07185302538340664,1,10,1,274,0.36897335832416767,0.8885847278432385,6.121683805460525,0.9140404039531789,COMPLETE
62,0.8074744692104195,2025-05-20 08:01:27.762461,2025-05-20 08:01:50.891194,0 days 00:00:23.128733,0.9634216828139968,0.7543023703376147,0.09261064664573249,1,10,1,272,0.19373949525903233,0.8970372066423209,5.8928081541495665,0.9056172412653454,COMPLETE
63,0.8115562386853629,2025-05-20 08:01:33.526039,2025-05-20 08:01:56.321672,0 days 00:00:22.795633,0.9629292669954931,0.762553622650823,0.08648003648975536,2,10,1,287,0.19502493228075135,0.9065520752047471,2.937367202870653,0.8924963555594412,COMPLETE
64,0.7992007148496911,2025-05-20 08:01:35.867845,2025-05-20 08:01:55.345228,0 days 00:00:19.477383,0.9695753434106875,2.201107226481122,0.08817789304005608,2,10,1,286,0.18538149655399686,0.8907208564252633,3.2981380748078637,0.7241632985494816,COMPLETE
65,0.8061801298891627,2025-05-20 08:01:37.239705,2025-05-20 08:02:09.025510,0 days 00:00:31.785805,0.9656099039777865,0.7501022843759948,0.08144968929052297,2,10,1,289,0.18030414843485798,0.7491995258119933,2.342405601269991,0.719389367973948,COMPLETE
66,0.7972700849172815,2025-05-20 08:01:38.430731,2025-05-20 08:01:56.181663,0 days 00:00:17.750932,0.962242432218545,2.1902318127337823,0.08937612627497808,2,10,1,290,0.18034014098784204,0.7421990142372294,2.0472184606967425,0.7250030103059812,COMPLETE
67,0.8044667973741,2025-05-20 08:01:42.541579,2025-05-20 08:02:13.757881,0 days 00:00:31.216302,0.958310282434158,0.7460686511954411,0.08938365364777544,2,10,1,287,0.18552169569410776,0.733140309912632,2.91487077399389,0.7231178515810175,COMPLETE
68,0.8053001308845292,2025-05-20 08:01:44.921314,2025-05-20 08:02:16.472726,0 days 00:00:31.551412,0.9656057176418403,0.7464625974582313,0.09034265230952612,2,10,1,287,0.18133817006037184,0.7260966667308211,2.782028160747795,0.7296924957367649,COMPLETE
69,0.8049215799939431,2025-05-20 08:01:48.196751,2025-05-20 08:02:19.652391,0 days 00:00:31.455640,0.9624690380030259,0.7028704809745853,0.09441786840802985,2,10,1,288,0.19291789210781035,0.7379976750704953,2.616154738034993,0.7256641180524019,COMPLETE
70,0.8083427742869989,2025-05-20 08:01:50.894194,2025-05-20 08:02:09.212311,0 days 00:00:18.318117,0.957000269690102,0.7619324761090731,0.08863543982484888,2,10,1,285,0.1763894865446765,0.7384754372125316,2.6523463072657236,0.9368619984392894,COMPLETE
71,0.8074496922906418,2025-05-20 08:01:55.349229,2025-05-20 08:02:14.367906,0 days 00:00:19.018677,0.956873476033328,0.7580654215848422,0.08113806502380644,0,10,1,290,0.18606200393295608,0.7365807099136196,2.63974420366183,0.9427790599861959,COMPLETE
72,0.8088790309960698,2025-05-20 08:01:56.184216,2025-05-20 08:02:13.512882,0 days 00:00:17.328666,0.9818938174269218,0.7488161681946542,0.10013208432353188,0,10,1,290,0.06839944506719345,0.8194009341815963,2.8710542664871723,0.9454258514575948,COMPLETE
73,0.808649062939713,2025-05-20 08:01:56.324673,2025-05-20 08:02:11.821814,0 days 00:00:15.497141,0.8535294820689145,0.7652654304084887,0.1090155902282147,0,10,1,249,0.422024839054837,0.8454678997150372,2.8089288182051217,0.9358915225485093,COMPLETE
74,0.8077052519130558,2025-05-20 08:02:09.028512,2025-05-20 08:02:26.194738,0 days 00:00:17.166226,0.8550750681341036,0.7350553713038381,0.10678264165758766,0,10,1,248,0.0727404839081488,0.8357168543851119,2.7504892647979564,0.9417693132454538,COMPLETE
75,0.7240558348723809,2025-05-20 08:02:09.217825,2025-05-20 08:02:23.128384,0 days 00:00:13.910559,0.8571727552778684,0.7064187347132228,0.09943045335021829,0,3,1,250,0.08619369898424942,0.9390074007659823,2.85302787668486,0.9472579954837805,COMPLETE
76,0.729180003242975,2025-05-20 08:02:11.824814,2025-05-20 08:02:25.676766,0 days 00:00:13.851952,0.8571556972572334,0.7205302413951222,0.10766366728826669,0,3,2,247,0.43257745601708575,0.8432960729202319,2.9135030790149594,0.9487623957233315,COMPLETE
77,0.810265188117552,2025-05-20 08:02:13.515881,2025-05-20 08:02:34.452108,0 days 00:00:20.936227,0.9822032321691045,0.2872937961794245,0.11034913074689029,0,9,2,226,0.5664008059719402,0.8259084707729412,2.6514692535931723,0.9504641332346045,COMPLETE
78,0.7844177213166672,2025-05-20 08:02:13.760882,2025-05-20 08:02:27.467585,0 days 00:00:13.706703,0.9802419814237359,1.1531059365960676,0.10670003659797214,0,9,1,269,0.5391007138011101,0.8223616741718648,1.2991759141231891,0.94867769878854,COMPLETE
79,0.8049107305643872,2025-05-20 08:02:14.371908,2025-05-20 08:02:34.732631,0 days 00:00:20.360723,0.9821191071879534,0.34655354698965946,0.10587640982289757,0,9,1,250,0.08818751677866889,0.8272136162080641,1.5373745794023925,0.9490479620886614,COMPLETE
80,0.805895718840542,2025-05-20 08:02:16.477726,2025-05-20 08:02:38.000975,0 days 00:00:21.523249,0.9816817056274676,0.27280028775628684,0.10723524761936523,0,9,1,248,0.07824707829123889,0.8450742369723442,1.4530388287740659,0.9509834345178163,COMPLETE
81,0.7850645975987233,2025-05-20 08:02:19.656391,2025-05-20 08:02:32.189817,0 days 00:00:12.533426,0.8579525405521342,1.202346477517351,0.11352046936897615,0,9,1,249,0.07181721233128924,0.8235814205486144,1.2145362080956879,0.9418401185540773,COMPLETE
82,0.7960626208534043,2025-05-20 08:02:23.131889,2025-05-20 08:02:42.848205,0 days 00:00:19.716316,0.9819114121988589,0.30798617382126736,0.11477951639659072,0,9,2,272,0.07388162551223973,0.8277204823805939,1.077123960409136,0.9511273127485893,COMPLETE
83,0.777075153380046,2025-05-20 08:02:25.681767,2025-05-20 08:02:37.592438,0 days 00:00:11.910671,0.9808542872660475,1.200288650997094,0.12996209508837184,0,9,1,271,0.6080111044670021,0.8231170926473426,1.2542927462670324,0.9725002565456906,COMPLETE
84,0.809985946346179,2025-05-20 08:02:26.197738,2025-05-20 08:02:46.370071,0 days 00:00:20.172333,0.9839231555058552,0.32471898671471466,0.13607483559788877,0,9,1,232,0.07803133762874628,0.8315436002548409,9.434825575392974,0.9666928133789171,COMPLETE
85,0.8084143768111476,2025-05-20 08:02:27.472101,2025-05-20 08:02:48.944391,0 days 00:00:21.472290,0.9264302553140564,0.28975587624653365,0.131128010155916,0,9,2,233,0.07786502414457461,0.8130077004923124,9.702183997177745,0.9653734267487913,COMPLETE
86,0.8104117599452378,2025-05-20 08:02:32.192818,2025-05-20 08:02:52.603064,0 days 00:00:20.410246,0.988277091841097,0.3515070743218093,0.13283670249728197,0,9,2,231,0.08783108786610816,0.870236721324894,9.268905726402693,0.961242761752936,COMPLETE
87,0.8069878731570244,2025-05-20 08:02:34.455107,2025-05-20 08:02:54.484603,0 days 00:00:20.029496,0.8132268145343311,0.23025501299415052,0.12806970179011054,0,9,2,228,0.6292668075713291,0.8612544864464061,9.870557073255277,0.9765129914450866,COMPLETE
88,0.8057848999782573,2025-05-20 08:02:34.736246,2025-05-20 08:02:57.406503,0 days 00:00:22.670257,0.9898811675494845,0.2247554289666971,0.1405963966920634,0,10,2,219,0.5974593620856212,0.86675636359386,31.0729064522081,0.9710498097946708,COMPLETE
89,0.8077105635620423,2025-05-20 08:02:37.595027,2025-05-20 08:03:05.041884,0 days 00:00:27.446857,0.9901423570081597,0.27191814386775603,0.1349681431140062,1,10,2,229,0.5774988259413354,0.8692105821343193,31.746718827422683,0.9276934862121462,COMPLETE
90,0.7565327406010706,2025-05-20 08:02:38.003978,2025-05-20 08:02:49.517391,0 days 00:00:11.513413,0.922081407932001,3.4449135883637156,0.14099947477156208,1,10,2,231,0.5609266273238851,0.9446702351267443,19.15904301641049,0.9301240015969874,COMPLETE
91,0.8042614484489021,2025-05-20 08:02:42.853207,2025-05-20 08:03:10.506903,0 days 00:00:27.653696,0.8121231688103856,0.1605716836992085,0.0759939860351895,1,10,2,225,0.5456119614528625,0.8777009419009232,9.469252221252326,0.9317682591233101,COMPLETE
92,0.7753863517287988,2025-05-20 08:02:46.373070,2025-05-20 08:02:57.000914,0 days 00:00:10.627844,0.818452601621519,3.269723784158204,0.14611809301707218,4,10,2,227,0.5317145313068783,0.8635639911843935,9.60260073972156,0.9291644362848159,COMPLETE
93,0.8002570689362951,2025-05-20 08:02:48.948392,2025-05-20 08:03:10.239506,0 days 00:00:21.291114,0.9268943300885285,0.15523946559766233,0.14052438160263678,4,9,2,227,0.580572113195778,0.8666595091705145,18.85237426596464,0.9966058995361805,COMPLETE
94,0.8035626676081791,2025-05-20 08:02:49.521392,2025-05-20 08:03:05.277883,0 days 00:00:15.756491,0.899822139638609,0.23600699715485932,0.2107290997470517,1,9,2,209,0.6851328235002381,0.8710007550629187,11.941214856674517,0.9956733512528956,COMPLETE
95,0.7989475476454785,2025-05-20 08:02:52.606063,2025-05-20 08:03:16.885949,0 days 00:00:24.279886,0.9909464211216499,0.16534069432332285,0.07609833037401091,1,9,2,212,0.6831377277587539,0.6868021503942573,12.12963562567612,0.9664061882920963,COMPLETE
96,0.808627423434868,2025-05-20 08:02:54.488602,2025-05-20 08:03:13.346100,0 days 00:00:18.857498,0.9901431857792089,0.1547395582332779,0.19392758497798518,1,9,2,210,0.0456628364115446,0.8653479162501285,11.601324063524341,0.9934699186394563,COMPLETE
97,0.8025278057540397,2025-05-20 08:02:57.004916,2025-05-20 08:03:14.161687,0 days 00:00:17.156771,0.9897670131644148,0.1531143111143176,0.2048525443094889,1,9,2,216,0.691798945353943,0.7062729722777159,13.675606767471159,0.9992305771394407,COMPLETE
98,0.7529861834579895,2025-05-20 08:02:57.410502,2025-05-20 08:03:06.344581,0 days 00:00:08.934079,0.9024830915450918,4.04959541394841,0.22413169386082793,1,9,2,234,0.15268133290249647,0.7972603462839893,12.233580285433781,0.9939847668648332,COMPLETE
99,0.8088199805576972,2025-05-20 08:03:05.045884,2025-05-20 08:03:28.361306,0 days 00:00:23.315422,0.9007494197007595,0.1511656372387636,0.21926537049958694,4,9,2,216,0.04670902964516255,0.6958797734651169,11.617208866605946,0.9581271771820243,COMPLETE
100,0.8111509157917295,2025-05-20 08:03:05.281886,2025-05-20 08:03:31.078675,0 days 00:00:25.796789,0.9745026939878582,0.11816219154832047,0.19410774905772676,4,9,2,237,0.15051772214686054,0.7859703110740192,6.887581968401912,0.9599050913415814,COMPLETE
101,0.8095006710460451,2025-05-20 08:03:06.347580,2025-05-20 08:03:30.631624,0 days 00:00:24.284044,0.9530694854199595,0.13316601008092827,0.17807076866627525,4,9,1,216,0.04082764844595625,0.9488824786027068,13.263944759812865,0.9616358167647202,COMPLETE
102,0.8130468987389241,2025-05-20 08:03:10.242621,2025-05-20 08:03:27.195707,0 days 00:00:16.953086,0.9758492017778773,0.40341664344434236,0.18043853835328372,0,9,1,208,0.10693087467199085,0.7066635345216726,8.815871271540235,0.9605801019799621,COMPLETE
103,0.8037379272841173,2025-05-20 08:03:10.509904,2025-05-20 08:03:24.310612,0 days 00:00:13.800708,0.9744440497453863,0.6217805639592371,0.18140096575453166,0,9,1,206,0.039884535657233065,0.700108422858654,10.868617998477259,0.9619090323491705,COMPLETE
104,0.8067858772800418,2025-05-20 08:03:13.350108,2025-05-20 08:03:31.333676,0 days 00:00:17.983568,0.9744053113592759,0.40389747693127975,0.20085730054853046,0,9,2,208,0.04846331833909359,0.9451646899112534,13.330557488661485,0.9627039362775164,COMPLETE
105,0.8075951071627021,2025-05-20 08:03:14.165687,2025-05-20 08:03:28.946715,0 days 00:00:14.781028,0.9734327666057342,0.40034565732441085,0.2556941638534206,0,9,2,211,0.494876349886758,0.939810455981757,7.268670069995428,0.9616678516799942,COMPLETE
106,0.8033520958861138,2025-05-20 08:03:16.888948,2025-05-20 08:03:32.424512,0 days 00:00:15.535564,0.9748909585793315,0.41628647142273423,0.27313424529138486,0,9,3,243,0.05075233548655419,0.9498416318083848,8.590315976266707,0.9810470981947074,COMPLETE
107,0.7993567383086307,2025-05-20 08:03:24.313613,2025-05-20 08:03:41.235062,0 days 00:00:16.921449,0.9737026197803051,0.4096495687186356,0.12127281117750079,0,9,3,184,0.1024841469094208,0.7660047195310536,6.957469532742126,0.9853476677586023,COMPLETE
108,0.8000459692225208,2025-05-20 08:03:27.198707,2025-05-20 08:03:45.052274,0 days 00:00:17.853567,0.972395611550661,0.37642691535939066,0.12024190068067613,0,9,4,202,0.057117700937526,0.7824117193188371,6.859817103729071,0.9833042975372214,COMPLETE
109,0.8055533040101601,2025-05-20 08:03:28.364305,2025-05-20 08:03:42.840626,0 days 00:00:14.476321,0.9706537134310442,0.4205647616089845,0.2709072657423654,0,9,3,220,0.04809263044128459,0.9415084227419345,8.774598917583628,0.9790575946158135,COMPLETE
110,0.8064311710138805,2025-05-20 08:03:28.952715,2025-05-20 08:03:43.390626,0 days 00:00:14.437911,0.9524999390918218,0.4051773746705294,0.19655096489662072,0,9,2,201,0.0527217154895838,0.7710962347927652,8.680558807865566,0.9840928992100171,COMPLETE
111,0.8035011091915425,2025-05-20 08:03:30.634625,2025-05-20 08:03:45.001274,0 days 00:00:14.366649,0.9979924463071291,0.43081032563290905,0.19633400525050188,0,8,2,197,0.050939266748273475,0.9516183900536597,8.736334949212118,0.9833280018743737,COMPLETE
112,0.7980410516823004,2025-05-20 08:03:31.082678,2025-05-20 08:03:45.366996,0 days 00:00:14.284318,0.9994194215509521,0.4107798611563452,0.1898707611614652,0,8,4,185,0.10754363491437832,0.771305191070365,8.760255321320233,0.9848043025452459,COMPLETE
113,0.8057698539570843,2025-05-20 08:03:31.337675,2025-05-20 08:03:51.857096,0 days 00:00:20.519421,0.9513251018986968,0.03210049263235838,0.18418791687339722,0,8,4,203,0.09749783119096589,0.7770148407827514,8.770072691391212,0.9828762400875078,COMPLETE
114,0.8074252492673594,2025-05-20 08:03:32.426623,2025-05-20 08:03:52.278526,0 days 00:00:19.851903,0.9528169850665579,0.03410939311406777,0.18393417790999925,4,8,2,188,0.002766114978387829,0.7804202098906602,11.416510741214966,0.9873053335850634,COMPLETE
115,0.8109346355117418,2025-05-20 08:03:41.241653,2025-05-20 08:04:00.703450,0 days 00:00:19.461797,0.9514674422519196,0.034438894536305,0.18890909872636277,0,8,2,201,0.15534125038213834,0.9268986485292289,10.933220133119185,0.9544729731013187,COMPLETE
116,0.8053852630572182,2025-05-20 08:03:42.843628,2025-05-20 08:04:02.487824,0 days 00:00:19.644196,0.995286221315186,0.0792870437294828,0.1876152867972447,4,8,2,203,0.148631042882742,0.9245266743287746,10.988742323244773,0.9583468389780583,COMPLETE
117,0.808363516040807,2025-05-20 08:03:43.393627,2025-05-20 08:04:06.326015,0 days 00:00:22.932388,0.8671551921513155,0.051770911768593275,0.1792120928851202,4,8,2,237,0.15886484335323217,0.8084497594214924,11.037707890557504,0.9557994012881414,COMPLETE
118,0.8095997002376276,2025-05-20 08:03:45.006273,2025-05-20 08:04:08.556965,0 days 00:00:23.550692,0.987334145568301,0.06309403277501088,0.1720440050648111,4,8,2,239,0.15487127050713922,0.9197117015296878,10.364565333966135,0.957037393106207,COMPLETE
119,0.8074615938415967,2025-05-20 08:03:45.056274,2025-05-20 08:04:07.935246,0 days 00:00:22.878972,0.9522533203893891,0.017032355261245802,0.17538565910182516,4,8,2,235,0.00027262901497886183,0.8014292076896534,10.742991655410126,0.954757270787387,COMPLETE
120,0.8090757349643767,2025-05-20 08:03:45.369995,2025-05-20 08:04:08.318245,0 days 00:00:22.948250,0.9529890064533084,0.027120398917756278,0.17363770151043237,4,8,2,236,0.002022568373264949,0.8031067275709028,11.017009189538157,0.9565228721903006,COMPLETE
121,0.802712210432788,2025-05-20 08:03:51.860095,2025-05-20 08:04:07.336717,0 days 00:00:15.476622,0.9311025724099836,0.606390691725117,0.16874743311630425,4,9,2,237,0.001789860630404358,0.80425721607194,11.009659196260424,0.9549657603135933,COMPLETE
122,0.7990494123945988,2025-05-20 08:03:52.281528,2025-05-20 08:04:07.685734,0 days 00:00:15.404206,0.8655751787581484,0.5990716943233196,0.15619036011219803,1,9,2,235,0.15615849803888404,0.8014879025931853,10.773118897416163,0.9673805388261858,COMPLETE
123,0.8041850625640385,2025-05-20 08:04:00.706451,2025-05-20 08:04:15.654810,0 days 00:00:14.948359,0.8458787607034243,0.6289254756515117,0.23761964376769676,1,9,2,216,0.15955468110834634,0.9237330434537894,12.996716064050936,0.9558706870396491,COMPLETE
124,0.806236060087353,2025-05-20 08:04:02.490825,2025-05-20 08:04:20.297318,0 days 00:00:17.806493,0.9854655438403858,0.6194027427545792,0.22698504032702793,1,9,2,218,0.025132602425777847,0.8069722200882734,7.89602696635712,0.9215051268633068,COMPLETE
125,0.7978814001655543,2025-05-20 08:04:06.330016,2025-05-20 08:04:21.330329,0 days 00:00:15.000313,0.9852116604436337,0.6360966600878343,0.23537347658741234,1,9,2,220,0.9934976205333033,0.6250932745988146,12.834299505113508,0.9713302969018334,COMPLETE
126,0.8060786085810747,2025-05-20 08:04:07.340719,2025-05-20 08:04:20.663319,0 days 00:00:13.322600,0.9847139296237053,0.6020245224098904,0.23366668336588323,9,9,1,216,0.02434268549661188,0.6375439742240359,13.232727711037146,0.9712808626291439,COMPLETE
127,0.811912697321335,2025-05-20 08:04:07.690244,2025-05-20 08:04:30.761366,0 days 00:00:23.071122,0.9865524051464685,0.1062045579415643,0.2341060849538578,1,9,1,215,0.9673364516967352,0.17633674452025339,12.857761891009554,0.9712897866777512,COMPLETE
128,0.8105919166055864,2025-05-20 08:04:07.939246,2025-05-20 08:04:26.246768,0 days 00:00:18.307522,0.9852830572320711,0.2894979054077725,0.21431288746472077,0,9,2,216,0.11923754861702285,0.15334885991435632,13.520466401058284,0.9711606281379802,COMPLETE
129,0.7630340656661672,2025-05-20 08:04:08.322246,2025-05-20 08:04:18.242594,0 days 00:00:09.920348,0.9373350213337859,2.7199155803181,0.21817177648283978,3,7,2,215,0.026891602898239983,0.9750517488201358,12.879036572232467,0.9235805963661947,COMPLETE
130,0.8088960261191819,2025-05-20 08:04:08.559966,2025-05-20 08:04:30.203368,0 days 00:00:21.643402,0.9855409314490703,0.13474368772218281,0.22980454466775305,5,7,1,242,0.11440306354055317,0.9734773835743635,14.650205519277318,0.975495718394247,COMPLETE
131,0.8076336973533742,2025-05-20 08:04:15.657812,2025-05-20 08:04:36.176505,0 days 00:00:20.518693,0.9387475231043149,0.3046226406209789,0.21978619000497795,3,7,1,242,0.2140567772885959,0.9639060413289793,7.740079968634004,0.9234733093085278,COMPLETE
132,0.8084757636548818,2025-05-20 08:04:18.245598,2025-05-20 08:04:40.512844,0 days 00:00:22.267246,0.9856625081786473,0.13734899027888325,0.15061272489380287,5,7,1,243,0.9826105194586661,0.6269674315351161,7.914233971174273,0.9370352965456742,COMPLETE
133,0.8081134479998788,2025-05-20 08:04:20.300319,2025-05-20 08:04:42.368329,0 days 00:00:22.068010,0.9590907067041039,0.14753971104939237,0.162437479628838,9,7,1,243,0.1200074781529655,0.2497100200349529,15.209935291330606,0.9351681008356076,COMPLETE
134,0.7964391040160894,2025-05-20 08:04:20.667321,2025-05-20 08:04:38.347468,0 days 00:00:17.680147,0.9621738105414306,0.28538968899798256,0.1484492937574965,5,6,1,222,0.11002317747969996,0.9179065777942849,10.436998574953847,0.9425340250524502,COMPLETE
135,0.80849806637043,2025-05-20 08:04:21.334486,2025-05-20 08:04:44.529361,0 days 00:00:23.194875,0.9791187089879118,0.12845753496306128,0.14754477416238415,5,7,1,256,0.1122431631729482,0.6672654641098483,10.23751022828005,0.9364025692005112,COMPLETE
136,0.7933326514168995,2025-05-20 08:04:26.249772,2025-05-20 08:04:45.363548,0 days 00:00:19.113776,0.9644051122586184,0.25278835869009525,0.14926835024131874,5,6,2,241,0.11739799723606244,0.31254630632090225,15.232495006160217,0.9401485755237627,COMPLETE
137,0.8062125754780786,2025-05-20 08:04:30.206366,2025-05-20 08:04:51.326637,0 days 00:00:21.120271,0.9604129322629348,0.3017578765470603,0.15426714238474992,6,7,1,243,0.21504872215266813,0.0311673824685732,14.501289814550942,0.9383523866991583,COMPLETE
138,0.7897311254092407,2025-05-20 08:04:30.766366,2025-05-20 08:04:48.830493,0 days 00:00:18.064127,0.9790301767102962,0.3069914188545996,0.14928891149640502,5,6,1,241,0.9302661733376045,0.13281058486110392,14.527543917116159,0.9749423028349019,COMPLETE
139,0.8077631985028102,2025-05-20 08:04:36.180504,2025-05-20 08:04:53.260438,0 days 00:00:17.079934,0.9787419597113468,0.11768867084379503,0.296636010962455,6,6,1,224,0.10913669386512437,0.19467240794374496,14.72395590360869,0.9755782011009939,COMPLETE
140,0.8107647213455751,2025-05-20 08:04:38.350469,2025-05-20 08:04:59.851519,0 days 00:00:21.501050,0.9785955580525553,0.10730323700204249,0.2931843577683635,5,7,1,255,0.9489622124546189,0.1400520866900564,15.713224524216148,0.9756829191596734,COMPLETE
141,0.8094725838180976,2025-05-20 08:04:40.515844,2025-05-20 08:05:02.201564,0 days 00:00:21.685720,0.977752229307181,0.2507702666531228,0.1627203896958234,6,8,1,257,0.7993228160856043,0.12038493761258987,15.425669539469105,0.9759795128939189,COMPLETE
142,0.8095654705463075,2025-05-20 08:04:42.372329,2025-05-20 08:05:06.809390,0 days 00:00:24.437061,0.9660466664247691,0.0027055992832619377,0.16578990798199794,6,8,1,231,0.8749205305478027,0.18415119464142293,14.495850917366855,0.9744263042088266,COMPLETE
143,0.7969805210670037,2025-05-20 08:04:44.532360,2025-05-20 08:04:58.376529,0 days 00:00:13.844169,0.9650179013462071,0.5137567203543516,0.2952333252887323,0,6,1,223,0.13779794297754228,0.16592591388417618,15.572537259102653,0.9757404396981952,COMPLETE
144,0.7927121834076785,2025-05-20 08:04:45.366548,2025-05-20 08:04:57.922595,0 days 00:00:12.556047,0.9785535211974276,0.483640476121821,0.25379839747738536,0,8,5,193,0.9468202232380863,0.1942380874022312,13.874616003682409,0.9723850435335902,COMPLETE
145,0.8045828096521668,2025-05-20 08:04:48.833494,2025-05-20 08:05:03.518585,0 days 00:00:14.685091,0.992248618237264,0.5046360456793391,0.2494531847351267,6,8,1,223,0.7441159024279742,0.17333927598752838,16.079390969700082,0.9670293729438239,COMPLETE
146,0.807400805312154,2025-05-20 08:04:51.329637,2025-05-20 08:05:06.214391,0 days 00:00:14.884754,0.9935010853440029,0.4921720057218993,0.24533346409649145,0,8,1,231,0.14464829005612856,0.18161684968227543,12.29324467941128,0.9642221711726817,COMPLETE
147,0.8042455153560594,2025-05-20 08:04:53.263439,2025-05-20 08:05:11.969021,0 days 00:00:18.705582,0.9694540819358585,0.5141739218079205,0.2493428471651292,0,8,1,231,0.7460212009814858,0.16425723649752597,13.779649338255226,0.8855895030082285,COMPLETE
148,0.7090789534629494,2025-05-20 08:04:57.926594,2025-05-20 08:05:24.081216,0 days 00:00:26.154622,0.9938858703098135,0.21005954663801923,0.010234345648914352,4,8,2,231,0.842934301957357,0.17284851789080766,17.552866383719053,0.9641229959817568,COMPLETE
149,0.809055013765726,2025-05-20 08:04:58.380528,2025-05-20 08:05:19.799484,0 days 00:00:21.418956,0.992935786935428,0.20748121790923338,0.20842698456205902,4,8,2,230,0.810636777054414,0.8891077622682648,12.269900716212568,0.9661443280636982,COMPLETE
150,0.71396170608285,2025-05-20 08:04:59.854518,2025-05-20 08:05:26.595102,0 days 00:00:26.740584,0.9926463999374456,0.014462763156776526,0.01131426800769256,4,8,1,231,0.7612975582587533,0.1633735288789987,18.026917595586607,0.9656016403719125,COMPLETE
151,0.8109617237641473,2025-05-20 08:05:02.205563,2025-05-20 08:05:30.218308,0 days 00:00:28.012745,0.9914775673028754,0.020319604554569604,0.17202938639500456,7,8,1,254,0.7999844254980661,0.08621368354310807,17.728952443408005,0.965700563468224,COMPLETE
152,0.8118815618347245,2025-05-20 08:05:03.523585,2025-05-20 08:05:31.330120,0 days 00:00:27.806535,0.9689212164714299,0.018958823757222576,0.20594892400069806,6,8,1,255,0.8620221532668887,0.09929409210318477,17.733953466775276,0.9633603495946728,COMPLETE
153,0.8072936797534822,2025-05-20 08:05:06.218392,2025-05-20 08:05:32.639622,0 days 00:00:26.421230,0.9688436468721394,0.017571177162060636,0.17065920030812393,7,8,1,230,0.8522941297920604,0.10067383255537041,13.890111279104568,0.8622079627122367,COMPLETE
154,0.8081077034544684,2025-05-20 08:05:06.812390,2025-05-20 08:05:33.082622,0 days 00:00:26.270232,0.9683544396193904,0.0043735218698778625,0.16700044598377076,6,8,1,231,0.8063242529368045,0.10724507774537939,22.691132163832226,0.8641205616969905,COMPLETE
155,0.8106095695062855,2025-05-20 08:05:11.972023,2025-05-20 08:05:38.119043,0 days 00:00:26.147020,0.9691078581410794,0.01074222380525841,0.2104020504992106,7,8,1,230,0.8638000286325203,0.10465369483262951,17.49247416679252,0.9665670756397822,COMPLETE
156,0.8124099364910171,2025-05-20 08:05:19.802485,2025-05-20 08:05:48.182529,0 days 00:00:28.380044,0.9673372440679929,0.025029198873606676,0.165111158815168,7,8,1,255,0.8971575028745122,0.13517542983270586,9.7159487580457,0.9610183117352823,COMPLETE
157,0.8101249263536395,2025-05-20 08:05:24.084215,2025-05-20 08:05:51.393493,0 days 00:00:27.309278,0.967948492896557,0.019841895644802612,0.16974217902360736,7,8,1,256,0.8899288801567297,0.10898789788910565,18.311408774479954,0.9910358300581502,COMPLETE
158,0.8094914664260665,2025-05-20 08:05:26.599704,2025-05-20 08:05:53.477079,0 days 00:00:26.877375,0.969026987975629,0.007191879014059752,0.16773546148447604,7,8,2,255,0.9165587836670085,0.10247332017885366,22.434714658059,0.9521743835811665,COMPLETE
159,0.8093763174088089,2025-05-20 08:05:30.223308,2025-05-20 08:05:56.980227,0 days 00:00:26.756919,0.9714281329133064,0.022670076899148264,0.16876157373582407,6,8,1,253,0.9106303104235928,0.11088592545548417,16.02706530287371,0.9559522104573445,COMPLETE
160,0.812173367078166,2025-05-20 08:05:31.333119,2025-05-20 08:05:57.004210,0 days 00:00:25.671091,0.9692095764903333,0.07702002917321735,0.1725226184248751,7,8,1,255,0.8919512153271286,0.08626883355285521,20.818349206840118,0.9610979891181306,COMPLETE
161,0.8021894905879131,2025-05-20 08:05:32.642621,2025-05-20 08:05:50.668859,0 days 00:00:18.026238,0.9758422828376362,0.3306742085949889,0.16101387935486797,6,8,1,260,0.8928482124479142,0.06270137617458973,20.041883793739515,0.9896106080485879,COMPLETE
162,0.808810025110596,2025-05-20 08:05:33.085623,2025-05-20 08:05:55.179391,0 days 00:00:22.093768,0.9999731458248369,0.3113477001119546,0.1955552763883715,7,8,1,252,0.9160731074875351,0.060525949987113026,17.835078557282564,0.9508011508938045,COMPLETE
163,0.807931164201024,2025-05-20 08:05:38.122042,2025-05-20 08:06:02.559306,0 days 00:00:24.437264,0.9990918728456746,0.09908837338228649,0.201646978970488,7,8,1,254,0.9001095045989176,0.14369058537811183,20.659683948495125,0.9519611686408896,COMPLETE
164,0.8068226402728131,2025-05-20 08:05:48.187149,2025-05-20 08:06:09.280931,0 days 00:00:21.093782,0.973299052884619,0.33472765725755516,0.2060735707375178,7,8,1,253,0.8894879686480383,0.07490613730082929,17.854058187352525,0.9512860157736441,COMPLETE
165,0.8093756690751361,2025-05-20 08:05:50.672766,2025-05-20 08:06:15.366332,0 days 00:00:24.693566,0.9866242862298661,0.10737787513199049,0.2113924352951705,7,8,1,252,0.9027147547935575,0.08257613481115836,20.56341418507289,0.9481446013676509,COMPLETE
166,0.8093685236304248,2025-05-20 08:05:51.396492,2025-05-20 08:06:16.189262,0 days 00:00:24.792770,0.9859800954583778,0.0988000688180114,0.20785767800415533,7,8,1,251,0.9129918792509127,0.08384572655638074,20.589720802040674,0.9472462512542491,COMPLETE
167,0.8088034100707686,2025-05-20 08:05:53.481079,2025-05-20 08:06:17.817362,0 days 00:00:24.336283,0.9866295789579428,0.2208973898601625,0.20287271564992151,7,8,1,267,0.9002069954767717,0.07014866336241551,18.12239985794844,0.9498048425507081,COMPLETE
168,0.7330891017517511,2025-05-20 08:05:55.183391,2025-05-20 08:06:04.154196,0 days 00:00:08.970805,0.9867377894442431,4.982724891909154,0.2074479882716429,7,8,1,262,0.9023337857809279,0.07835535604488152,16.636598558626858,0.9901160650347652,COMPLETE
169,0.8105932928127956,2025-05-20 08:05:56.985212,2025-05-20 08:06:19.721392,0 days 00:00:22.736180,0.9877764566761507,0.10385587953414024,0.20877041925422563,7,8,1,265,0.8823393140562895,0.1319765155493824,18.517345295350534,0.9892625442403282,COMPLETE
170,0.8128689624738209,2025-05-20 08:05:57.011210,2025-05-20 08:06:19.967301,0 days 00:00:22.956091,0.9846877018465227,0.21815190372794174,0.2076471599718745,7,8,1,262,0.9571280558032161,0.06983791075480299,20.739938544962694,0.9602608831782606,COMPLETE
171,0.8017442964922636,2025-05-20 08:06:02.561306,2025-05-20 08:06:23.792667,0 days 00:00:21.231361,0.987737297387055,0.2112935707082953,0.1342470097715584,7,8,1,265,0.9718319169410454,0.07858865945615492,19.99428902435716,0.9904890901239088,COMPLETE
172,0.8104229089624466,2025-05-20 08:06:04.157199,2025-05-20 08:06:25.592767,0 days 00:00:21.435568,0.9844821479091538,0.20441542018227166,0.27420682413591524,7,8,1,263,0.9638704841103795,0.2233008319892129,18.67672338532633,0.9696354931744194,COMPLETE
173,0.8097955102681643,2025-05-20 08:06:09.283931,2025-05-20 08:06:31.854913,0 days 00:00:22.570982,0.9867066170743833,0.22716218761680548,0.2721810318708274,8,9,1,258,0.8461566768324316,0.030039088565714224,18.813517271633174,0.9603601985784344,COMPLETE
174,0.8087249139463392,2025-05-20 08:06:15.369328,2025-05-20 08:06:40.937542,0 days 00:00:25.568214,0.9602506503366087,0.22394499790628972,0.13062206863548043,8,9,1,247,0.962590535899595,0.13909091245063604,21.337342069229553,0.9612226897480178,COMPLETE
175,0.8092864486750584,2025-05-20 08:06:16.191262,2025-05-20 08:06:43.095503,0 days 00:00:26.904241,0.7258516223439401,0.2113502240330157,0.12917019708462016,8,9,1,266,0.9699846620543,0.03549404461108817,19.934406742765603,0.9603206567907974,COMPLETE
176,0.8053220928068068,2025-05-20 08:06:17.820362,2025-05-20 08:06:41.574257,0 days 00:00:23.753895,0.9463122009462279,0.22242013516519904,0.2713927435611341,8,9,1,263,0.9559785192948428,0.04113325023437932,24.185497405502293,0.9592822013044542,COMPLETE
177,0.8061601465683632,2025-05-20 08:06:19.725905,2025-05-20 08:06:38.244471,0 days 00:00:18.518566,0.9590726004544542,0.17881301773306799,0.2739372945810051,8,9,1,207,0.9638309944902882,0.2140242863908026,21.426377949982257,0.9790749545023542,COMPLETE
178,0.8096034119833193,2025-05-20 08:06:19.970301,2025-05-20 08:06:44.274497,0 days 00:00:24.304196,0.9786506296749954,0.20584039945655103,0.18692555069856437,8,9,1,265,0.9647973633522088,0.13096872289088105,19.47217567653439,0.9708031145289946,COMPLETE
179,0.8087690587016668,2025-05-20 08:06:23.795666,2025-05-20 08:06:48.334250,0 days 00:00:24.538584,0.9785316302265892,0.20566470650435947,0.19491547781571616,8,9,1,260,0.9621779697202352,0.14267153652201342,25.152624328524855,0.9681437763956422,COMPLETE
180,0.8081642285820292,2025-05-20 08:06:25.596340,2025-05-20 08:06:47.280467,0 days 00:00:21.684127,0.9799499020758363,0.2190142805442667,0.2679849301114385,8,8,1,261,0.9476325373798785,0.2160906842596219,18.512390921599344,0.970403597865404,COMPLETE
181,0.8088102589206665,2025-05-20 08:06:31.860911,2025-05-20 08:06:54.470351,0 days 00:00:22.609440,0.9766427135179615,0.20541869112483985,0.2856005738941967,8,8,1,262,0.8717014194492885,0.13908215646829303,19.484946924703593,0.9680754326323453,COMPLETE
182,0.8075590119209165,2025-05-20 08:06:38.248472,2025-05-20 08:07:02.800667,0 days 00:00:24.552195,0.9758277059763262,0.14231644474775312,0.183184162164163,7,8,1,264,0.9486953879273063,0.1513071063744986,19.07997140499877,0.9801391852168608,COMPLETE
183,0.8096523328877507,2025-05-20 08:06:40.941543,2025-05-20 08:07:06.751855,0 days 00:00:25.810312,0.9781024395288772,0.11182287907062857,0.18936511776613538,7,8,1,263,0.9366842744657425,0.14409991242878248,19.439715405947222,0.9700448135494297,COMPLETE
184,0.7932132488352513,2025-05-20 08:06:41.579257,2025-05-20 08:06:52.381037,0 days 00:00:10.801780,0.9787909593443151,0.37155646103964957,0.1885079951304949,7,8,1,101,0.9368894425682405,0.13125528532653732,19.68531066894646,0.9711045099774824,COMPLETE
185,0.8130791770047849,2025-05-20 08:06:43.099010,2025-05-20 08:07:08.250914,0 days 00:00:25.151904,0.9775348393190403,0.10254553875213962,0.18323938379486115,7,8,1,261,0.8696148483651909,0.12681146641443303,18.581628183385988,0.9801975393206481,COMPLETE
186,0.8034729121018429,2025-05-20 08:06:44.277496,2025-05-20 08:07:00.540132,0 days 00:00:16.262636,0.9772490776720089,0.3680113456083373,0.22406391563971004,7,8,1,258,0.9354812661211045,0.14793376742120012,17.065609206046616,0.9813085671972301,COMPLETE
187,0.8033962177840419,2025-05-20 08:06:47.282466,2025-05-20 08:07:03.678171,0 days 00:00:16.395705,0.9743438318777349,0.4012799836092126,0.22104620040098086,7,8,1,270,0.9369081898263574,0.14893189802177517,17.01649129883213,0.9815905716135713,COMPLETE
188,0.7344121595198491,2025-05-20 08:06:48.339252,2025-05-20 08:07:18.170545,0 days 00:00:29.831293,0.9739174675539828,0.3441084281568562,0.01484727052154436,7,8,1,270,0.869488501104074,0.1233140854291307,17.040779340142368,0.9666448877834489,COMPLETE
189,0.8088865961876122,2025-05-20 08:06:52.385037,2025-05-20 08:07:16.751192,0 days 00:00:24.366155,0.9718291939983895,0.1061380105230484,0.22185924495903675,7,8,1,257,0.8674007530836103,0.05345711426251758,17.043230231945724,0.9811324002833209,COMPLETE
190,0.812534924667532,2025-05-20 08:06:54.473348,2025-05-20 08:07:20.086871,0 days 00:00:25.613523,0.9698544598216972,0.1029788188823217,0.22049347858661464,7,8,1,270,0.8709367989590019,0.09932320935359648,17.068989598835348,0.9803037256108013,COMPLETE
191,0.8076740831966355,2025-05-20 08:07:00.543136,2025-05-20 08:07:19.493324,0 days 00:00:18.950188,0.9662805571363247,0.10367038080505452,0.2406228789000916,7,8,1,246,0.8289919062056716,0.1147140309821599,17.210916865070327,0.9987685298835115,COMPLETE
192,0.79706513965603,2025-05-20 08:07:02.804670,2025-05-20 08:07:15.613482,0 days 00:00:12.808812,0.9677112651341346,0.09600207693781568,0.231920735063833,7,7,1,128,0.8749275905608808,0.052675210708843276,17.261898849629222,0.9880532907760167,COMPLETE
193,0.8061463897068266,2025-05-20 08:07:03.681180,2025-05-20 08:07:26.289236,0 days 00:00:22.608056,0.9660015971210439,0.10552670185595026,0.2338669481109857,7,7,1,273,0.870755990841054,0.1163175384452387,18.60773473854852,0.9910179093182736,COMPLETE
194,0.8080885525265643,2025-05-20 08:07:06.757402,2025-05-20 08:07:22.689848,0 days 00:00:15.932446,0.9676184268651159,0.10719563944158161,0.23428665506305305,7,7,1,192,0.8759028792679717,0.11851009759891126,9.586479449045049,0.9977731159923001,COMPLETE
195,0.808837974120352,2025-05-20 08:07:08.255023,2025-05-20 08:07:31.531572,0 days 00:00:23.276549,0.9691037931372009,3.4986644548061496e-05,0.25271891099661736,7,7,1,246,0.9972968723309366,0.11305033710755848,18.500971003070866,0.9986415146099097,COMPLETE
196,0.8067525442839012,2025-05-20 08:07:15.617102,2025-05-20 08:07:28.032282,0 days 00:00:12.415180,0.9638208893891801,0.11276057903567065,0.251189067588496,7,8,1,117,0.8312179222442019,0.09747404652048837,18.499248727679927,0.9985762599364421,COMPLETE
197,0.8120182553393913,2025-05-20 08:07:16.755193,2025-05-20 08:07:37.720067,0 days 00:00:20.964874,0.9648137483504609,0.08438299781568032,0.2519630133693975,7,8,1,248,0.8250828729486116,0.11360975685451856,21.816606806695674,0.9958184978066734,COMPLETE
198,0.8115080911907224,2025-05-20 08:07:18.173547,2025-05-20 08:07:43.739493,0 days 00:00:25.565946,0.9629034951649477,0.007220671100620621,0.17672846654563773,7,8,1,246,0.8361869331808033,0.09970646697105345,18.175031756277463,0.9613503242496599,COMPLETE
199,0.7878418766062772,2025-05-20 08:07:19.496324,2025-05-20 08:07:46.188494,0 days 00:00:26.692170,0.993614314317191,0.3151137171097961,0.04450140867826223,7,9,1,225,0.8271673106222495,0.10699379854760026,18.625735784584535,0.9622690420151,COMPLETE
200,0.8092795163271393,2025-05-20 08:07:20.090871,2025-05-20 08:07:42.264532,0 days 00:00:22.173661,0.963758591754005,0.07617455598153688,0.24871144424743835,7,8,1,256,0.8291901407176553,0.09329856821409756,18.689917975484672,0.99362415456072,COMPLETE
201,0.7568394499524075,2025-05-20 08:07:22.692848,2025-05-20 08:07:32.877686,0 days 00:00:10.184838,0.9573892781616216,2.4188237880867995,0.25311537515685434,7,8,1,273,0.8421459401778215,0.09816863566295599,18.066754466193142,0.9770444113306987,COMPLETE
202,0.8082523597138233,2025-05-20 08:07:26.292238,2025-05-20 08:07:53.423185,0 days 00:00:27.130947,0.959536352183066,0.0029657586033761674,0.2544352091906673,7,8,1,255,0.8197672094969994,0.0977022175377719,21.424745565753774,0.9615800128992574,COMPLETE
203,0.810454718954208,2025-05-20 08:07:28.035282,2025-05-20 08:07:55.190008,0 days 00:00:27.154726,0.9556774646517747,0.01880838516338916,0.17975493322067096,6,8,1,256,0.8296424001917069,0.09529658990914924,21.60198360880494,0.9761320613663874,COMPLETE
204,0.7674892269126076,2025-05-20 08:07:31.535174,2025-05-20 08:07:54.496840,0 days 00:00:22.961666,0.9571833921402424,0.2870693880860136,0.0425168731045791,6,8,1,212,0.8325634683363122,0.005732367551808296,15.92538552539048,0.9759337086819344,COMPLETE
205,0.8105744574698239,2025-05-20 08:07:32.879686,2025-05-20 08:07:59.996449,0 days 00:00:27.116763,0.9932961804913815,0.011312510276819255,0.18015466925256918,6,8,1,255,0.8869570822612838,0.4351501918818492,21.359349709673523,0.9620736772554097,COMPLETE
206,0.8046911217264775,2025-05-20 08:07:37.723067,2025-05-20 08:07:58.330144,0 days 00:00:20.607077,0.9943771703258135,0.31862983069127093,0.29855862754969076,6,8,1,267,0.8256856396687269,0.014444339018528388,21.26605745930376,0.9624877158113053,COMPLETE
207,0.7407039497926029,2025-05-20 08:07:42.271534,2025-05-20 08:07:55.749549,0 days 00:00:13.478015,0.9950359580908142,0.29823280180896317,0.21649010426345958,6,4,1,212,0.7750825309441428,0.16104755417023264,23.404617290966264,0.9639193496396858,COMPLETE
208,0.7487172919424243,2025-05-20 08:07:43.743495,2025-05-20 08:07:53.150489,0 days 00:00:09.406994,0.9827168598390128,4.124255275439534,0.213284273557403,6,8,1,248,0.8557186733711849,0.08126924770158901,16.141243165142406,0.9598212713501884,COMPLETE
209,0.8074399871372107,2025-05-20 08:07:46.191502,2025-05-20 08:08:11.260343,0 days 00:00:25.068841,0.9908365508498022,0.00284148266874739,0.2992476899491772,6,8,1,249,0.8645290601717441,0.2070277543329298,23.29432019665682,0.9603544611881178,COMPLETE
210,0.8117412311167037,2025-05-20 08:07:53.153489,2025-05-20 08:08:13.336000,0 days 00:00:20.182511,0.9586576137631401,0.00409953785588979,0.1805088198375132,6,8,1,205,0.4549692083259122,0.0911061019688634,22.023394704657406,0.9728826563789731,COMPLETE
211,0.8080775097296957,2025-05-20 08:07:53.426185,2025-05-20 08:08:10.874106,0 days 00:00:17.447921,0.9920066720444853,0.26068575636647673,0.18005722249875597,6,8,1,212,0.8553744187008304,0.21247459693870385,15.961766001637246,0.9771046743011237,COMPLETE
212,0.8096071654328775,2025-05-20 08:07:54.499840,2025-05-20 08:08:14.249697,0 days 00:00:19.749857,0.9823865391128014,0.29369163830826217,0.1843490674099135,7,8,1,251,0.9215732153955635,0.16213387040819324,22.014786836416263,0.9724977990364081,COMPLETE
213,0.8087420332402615,2025-05-20 08:07:55.193516,2025-05-20 08:08:15.196356,0 days 00:00:20.002840,0.9432105702822592,0.009259934371121128,0.17930862461792202,6,8,1,199,0.7673114187540447,0.05908450938606839,22.08269095404651,0.9859382892567864,COMPLETE
214,0.8117548322176201,2025-05-20 08:07:55.751550,2025-05-20 08:08:21.897883,0 days 00:00:26.146333,0.9533031694519921,0.008388000308302626,0.18251677424901888,7,8,1,267,0.9182775092802139,0.28854906429141175,21.59396422308312,0.9853148009807666,COMPLETE
215,0.8076375240964552,2025-05-20 08:07:58.333143,2025-05-20 08:08:22.775585,0 days 00:00:24.442442,0.9425974871277898,0.13379168774228573,0.18316048244298297,7,8,1,251,0.8552266793171701,0.07275083020492981,19.935635362505344,0.8882710318596556,COMPLETE
216,0.8109345011064051,2025-05-20 08:07:59.998451,2025-05-20 08:08:24.550986,0 days 00:00:24.552535,0.9488660806594682,0.015925483037840804,0.18152686032452747,6,8,1,251,0.7922856586022452,0.42295483513976484,21.930983790654697,0.9843405391557489,COMPLETE
217,0.8067338408321418,2025-05-20 08:08:10.877106,2025-05-20 08:08:36.146140,0 days 00:00:25.269034,0.9494757548568281,0.019831003984313395,0.19369795711618223,7,8,1,251,0.7922897939360222,0.06250448943109534,21.85964329920282,0.8899833499104065,COMPLETE
218,0.8090490021383856,2025-05-20 08:08:11.263344,2025-05-20 08:08:34.216899,0 days 00:00:22.953555,0.9508252276194304,0.13745854004903083,0.17979570283099983,7,8,1,253,0.8913253247224585,0.35714093805684255,21.455021207489683,0.9715549574246924,COMPLETE
219,0.8086708352166502,2025-05-20 08:08:13.339000,2025-05-20 08:08:38.677835,0 days 00:00:25.338835,0.9469807956903654,0.0029489334978879743,0.1959398106626351,6,8,1,260,0.9213268168198838,0.33565631350020364,21.913319543662116,0.9854991172882949,COMPLETE
220,0.8050949849314559,2025-05-20 08:08:14.253699,2025-05-20 08:08:32.748702,0 days 00:00:18.495003,0.9489387818601787,0.11894787985087985,0.17935779224597767,6,8,1,198,0.7868138869900146,0.5833207062794153,22.082815300039154,0.9853651296090841,COMPLETE
221,0.8096070933656367,2025-05-20 08:08:15.199355,2025-05-20 08:08:39.203835,0 days 00:00:24.004480,0.9493167418234643,0.12064126929267933,0.20269899706200956,6,8,1,260,0.8902639552764127,0.3465823074735842,20.499286347959032,0.9694468539039421,COMPLETE
222,0.8102362303258619,2025-05-20 08:08:21.900883,2025-05-20 08:08:45.182934,0 days 00:00:23.282051,0.9530961703731005,0.09881011535861073,0.19713467036341745,6,8,1,259,0.8027606090771817,0.07871797720969186,22.240603376188673,0.9866256207904779,COMPLETE
223,0.8080456794626171,2025-05-20 08:08:22.779585,2025-05-20 08:08:42.015333,0 days 00:00:19.235748,0.9513256741988428,0.10828324458713398,0.1940424822584156,6,8,1,205,0.7946684484568084,0.44628312724894437,22.029634973487305,0.9856140586909222,COMPLETE
224,0.8084328387278452,2025-05-20 08:08:24.554995,2025-05-20 08:08:47.536410,0 days 00:00:22.981415,0.9499161071953786,0.11385840621560611,0.1974310213425304,6,8,1,259,0.7932221021963274,0.45407472337268295,22.787791562189263,0.9869398734789446,COMPLETE
225,0.8098762619279489,2025-05-20 08:08:32.751703,2025-05-20 08:08:52.438503,0 days 00:00:19.686800,0.9558582009271336,0.11155391040538164,0.1984000123553405,7,8,1,204,0.8879791423583497,0.4121519515229314,20.67300469490695,0.9861701611026725,COMPLETE
226,0.8083728032545686,2025-05-20 08:08:34.221900,2025-05-20 08:08:54.612629,0 days 00:00:20.390729,0.961840327889658,0.07772133063181264,0.2085807286369153,6,8,1,203,0.7934588148964928,0.31256033315583676,22.772068556919297,0.9822687225561876,COMPLETE
227,0.8097215895147679,2025-05-20 08:08:36.149141,2025-05-20 08:08:58.231787,0 days 00:00:22.082646,0.9605942321527788,0.0006199203262304137,0.19867547815511014,6,8,1,206,0.44631755733451073,0.46587512121609126,20.590761652806133,0.9852056648966042,COMPLETE
228,0.8088127844262951,2025-05-20 08:08:38.680836,2025-05-20 08:08:59.355173,0 days 00:00:20.674337,0.9558649132914864,0.09693100449055359,0.20083509047681922,6,8,1,205,0.8954729883062971,0.5055182166603557,20.245116974933758,0.9793549613970018,COMPLETE
229,0.8099183661213809,2025-05-20 08:08:39.207837,2025-05-20 08:09:05.277455,0 days 00:00:26.069618,0.9566996277710741,0.10578807452847226,0.15645252370143045,6,8,1,256,0.8004725012640198,0.5085256889398766,22.69095242604582,0.9779483389146113,COMPLETE
230,0.807339440880862,2025-05-20 08:08:42.018333,2025-05-20 08:09:07.910962,0 days 00:00:25.892629,0.9559207975487096,0.0019071343426308278,0.15852990312817694,6,8,1,246,0.4666453560087749,0.26954943494781214,23.150031388022068,0.9792335612806444,COMPLETE
231,0.8081699189486431,2025-05-20 08:08:45.185942,2025-05-20 08:09:08.894144,0 days 00:00:23.708202,0.9593084815335722,0.16909208878376333,0.15949329970848045,7,8,1,246,0.7156830937388498,0.2698685985572757,23.139396049692117,0.9779568893474021,COMPLETE
232,0.810580966062501,2025-05-20 08:08:47.539410,2025-05-20 08:09:13.571825,0 days 00:00:26.032415,0.9593855709156538,0.006976492532166242,0.15541119305433893,7,8,1,247,0.9199702317338491,0.387070584425191,20.938362004980995,0.9772587657642658,COMPLETE
233,0.8107855111593103,2025-05-20 08:08:52.443566,2025-05-20 08:09:17.734046,0 days 00:00:25.290480,0.9604281682291826,0.021473481250686155,0.15873857394748542,7,8,1,245,0.8481536342197393,0.09210430374438237,24.86124704768315,0.9771738861240125,COMPLETE
234,0.8093275541019208,2025-05-20 08:08:54.616232,2025-05-20 08:09:19.394413,0 days 00:00:24.778181,0.9578868984183373,0.00026385572288001313,0.16038416974838726,7,8,1,246,0.4693919818629385,0.5155704544800062,24.136823699663896,0.9772936248346722,COMPLETE
235,0.8112933441277533,2025-05-20 08:08:58.234790,2025-05-20 08:09:19.371414,0 days 00:00:21.136624,0.972575982286916,0.17737913350831097,0.2167917197349115,7,8,1,247,0.8480609087991987,0.5187437592026396,21.019862532195663,0.9798021842166683,COMPLETE
236,0.8025487103605953,2025-05-20 08:08:59.358173,2025-05-20 08:09:22.842705,0 days 00:00:23.484532,0.9691176420611652,0.1873083219011502,0.16740968769213002,7,8,3,245,0.847482669778463,0.2602196938825502,24.941061207833062,0.9070787065354574,COMPLETE
237,0.8091671683091898,2025-05-20 08:09:05.280456,2025-05-20 08:09:27.967940,0 days 00:00:22.687484,0.9734451492090527,0.20245765556651046,0.16050957199702437,7,8,1,244,0.8553449050682237,0.12729749968106102,21.382174807761352,0.9554301228748392,COMPLETE
238,0.8079625169318646,2025-05-20 08:09:07.915105,2025-05-20 08:09:31.987896,0 days 00:00:24.072791,0.9715106381464945,0.20694962615999307,0.17022137022169903,7,8,1,267,0.9813899986565706,0.23560276584762146,24.741603993352005,0.9556346642893644,COMPLETE
239,0.8108965101104108,2025-05-20 08:09:08.897142,2025-05-20 08:09:32.305614,0 days 00:00:23.408472,0.9729613764901753,0.19539450597441838,0.17438923783893068,7,8,1,267,0.3356197823758322,0.23857243003050174,24.288831539615334,0.9680323579133366,COMPLETE
240,0.8113317508738118,2025-05-20 08:09:13.575340,2025-05-20 08:09:37.292633,0 days 00:00:23.717293,0.9717105578694969,0.1900123045994484,0.17161720376374187,7,8,1,254,0.8470051852519124,0.12344769935329597,24.127411063734506,0.9541380423223123,COMPLETE
241,0.8055688225976816,2025-05-20 08:09:17.737047,2025-05-20 08:09:40.153639,0 days 00:00:22.416592,0.9719000465117109,0.2039116256199421,0.17594664672886845,7,8,1,238,0.9153481953839129,0.41558523538373826,26.1471420964435,0.9553397895918467,COMPLETE
242,0.7999159018144829,2025-05-20 08:09:19.377414,2025-05-20 08:09:39.961445,0 days 00:00:20.584031,0.9704199596247075,0.18193733692724953,0.1672088087083165,7,8,3,244,0.8625952223037365,0.12703552873398918,25.383455962613578,0.9928490536275282,COMPLETE
243,0.8022836810847116,2025-05-20 08:09:19.400413,2025-05-20 08:09:36.902984,0 days 00:00:17.502571,0.9709711233499062,0.20613897232661613,0.21893042423095185,7,8,3,239,0.8497838774426406,0.12315350596481413,17.762615987007088,0.9936324361566695,COMPLETE
244,0.8050858389858245,2025-05-20 08:09:22.845704,2025-05-20 08:09:46.540767,0 days 00:00:23.695063,0.9722895084958468,0.23218963978660923,0.21839288087364087,7,8,1,241,0.9122237873326305,0.128448254894098,26.032109339994175,0.8535131337367405,COMPLETE
245,0.8094882026907525,2025-05-20 08:09:27.970942,2025-05-20 08:09:44.995467,0 days 00:00:17.024525,0.9640457157348833,0.20564193817092458,0.2147759248851149,7,8,1,239,0.6465897026298859,0.382123460063887,17.73816641465336,0.9929027210186827,COMPLETE
246,0.8051253120964923,2025-05-20 08:09:31.991613,2025-05-20 08:09:55.896222,0 days 00:00:23.904609,0.9635543995539716,0.198277215381836,0.21996839250809608,7,8,1,239,0.9230528184212073,0.13098493417025842,17.605301029735138,0.8524316771048005,COMPLETE
247,0.8087688637614281,2025-05-20 08:09:32.308614,2025-05-20 08:09:54.238320,0 days 00:00:21.929706,0.9637913504896559,0.18657973747922477,0.21828088303926632,7,8,1,240,0.5103141295828211,0.13206447430565083,26.22497210088191,0.9667220998786793,COMPLETE
248,0.8111945360504729,2025-05-20 08:09:36.905986,2025-05-20 08:09:58.221339,0 days 00:00:21.315353,0.9660818159613759,0.18968997265813084,0.2282700296038171,7,8,1,239,0.922106239718456,0.3742078584938352,19.533875103313996,0.9686303932770483,COMPLETE
249,0.8092828977409339,2025-05-20 08:09:37.298634,2025-05-20 08:10:01.367212,0 days 00:00:24.068578,0.9654126418027589,0.19414221327256537,0.2117729613062609,7,8,1,268,0.8661237340108,0.09448461955232015,26.238744038001727,0.9678719188803833,COMPLETE
250,0.8111357752630036,2025-05-20 08:09:39.964452,2025-05-20 08:10:03.041084,0 days 00:00:23.076632,0.9666271023979705,0.2422356554048689,0.2112000369389346,7,8,1,268,0.41474425976945334,0.08675355578227197,24.12917021433019,0.9674842311318831,COMPLETE
251,0.8059250728214081,2025-05-20 08:09:40.158639,2025-05-20 08:10:01.815895,0 days 00:00:21.657256,0.9645855651266955,0.2858563854017282,0.21876292184571652,7,8,1,268,0.8430035947955173,0.09373049138040475,23.77165989599275,0.9658723402142357,COMPLETE
252,0.8104016106893847,2025-05-20 08:09:44.998467,2025-05-20 08:10:10.967076,0 days 00:00:25.968609,0.9638781428617539,0.11769143763953421,0.22119748238083836,7,8,1,276,0.32985611162714995,0.09281046948662569,23.703027619741746,0.9680966884520293,COMPLETE
253,0.8081031993939142,2025-05-20 08:09:46.543766,2025-05-20 08:10:10.698350,0 days 00:00:24.154584,0.9641630439877348,0.09891316579599214,0.18894995711128498,7,8,1,251,0.8170840450975829,0.09845713961160889,33.28475636714815,0.9685218870411542,COMPLETE
254,0.8067983699985787,2025-05-20 08:09:54.241322,2025-05-20 08:10:19.996447,0 days 00:00:25.755125,0.9781688078934081,0.10480510684451931,0.18765682164509653,7,8,1,268,0.392422624802411,0.10138532620542284,29.44917537022654,0.9704191399811336,COMPLETE
255,0.8080202274751306,2025-05-20 08:09:55.900730,2025-05-20 08:10:22.739906,0 days 00:00:26.839176,0.9773947787019636,0.07106846114809962,0.18823208144967737,7,8,1,276,0.3387177010191911,0.29265098511298415,24.124179500624034,0.9681008962873509,COMPLETE
256,0.8072191755888534,2025-05-20 08:09:58.223341,2025-05-20 08:10:24.492457,0 days 00:00:26.269116,0.9802345245922408,0.0955758612865622,0.1885690352417018,7,8,1,276,0.8778360318692294,0.09793936407650816,39.563242583923554,0.9673392793117325,COMPLETE
257,0.8113552477770725,2025-05-20 08:10:01.370214,2025-05-20 08:10:27.442350,0 days 00:00:26.072136,0.976533138817974,0.1020362124993724,0.18469376539461568,7,8,1,275,0.8830136217092,0.28601123378148385,23.978825015139144,0.9660861488937893,COMPLETE
258,0.8139421341654292,2025-05-20 08:10:01.819895,2025-05-20 08:10:25.495776,0 days 00:00:23.675881,0.9778771029560973,0.09513378778744978,0.19127511586706558,7,8,1,251,0.3518888420292065,0.08354662480316401,19.46425277462321,0.9693556592114102,COMPLETE
259,0.8110886469578211,2025-05-20 08:10:03.045085,2025-05-20 08:10:29.362885,0 days 00:00:26.317800,0.9754281575345594,0.08903394098322538,0.18884694148407968,7,8,1,280,0.8168833977253772,0.07158953153586653,24.07143202760986,0.9720143079060041,COMPLETE
260,0.8082425819253789,2025-05-20 08:10:10.701351,2025-05-20 08:10:31.966643,0 days 00:00:21.265292,0.9791612749205696,0.42409082300271433,0.2365880087540591,7,8,1,274,0.4123626557455449,0.29443095683680875,24.02531012671942,0.9439386730660486,COMPLETE
261,0.8061662813928374,2025-05-20 08:10:10.970076,2025-05-20 08:10:27.358351,0 days 00:00:16.388275,0.9757235904969982,0.0880861652511623,0.17200688100405995,2,8,1,158,0.43911418118405104,0.0530211927829361,24.110802132678696,0.95650603345942,COMPLETE
262,0.8073138386369776,2025-05-20 08:10:19.999448,2025-05-20 08:10:40.685958,0 days 00:00:20.686510,0.9754606352783954,0.39819637609946557,0.23576842840069995,2,8,1,253,0.3585270987927375,0.046552496471917344,24.07228360706113,0.9458883311721661,COMPLETE
263,0.8054658313210028,2025-05-20 08:10:22.742907,2025-05-20 08:10:44.706364,0 days 00:00:21.963457,0.974517372514276,0.3649987217977054,0.23807405355637837,8,8,1,281,0.3566979459706456,0.0737662346640885,25.572684221524742,0.9564027423714162,COMPLETE
264,0.8095623974899631,2025-05-20 08:10:24.495457,2025-05-20 08:10:44.495366,0 days 00:00:19.999909,0.9709206245630267,0.3508245855357521,0.23748717025849567,2,8,1,250,0.1653997280225088,0.06044850051662459,24.812359063964262,0.95890444008752,COMPLETE
265,0.8057841816080371,2025-05-20 08:10:25.499775,2025-05-20 08:10:40.929296,0 days 00:00:15.429521,0.9730303668564552,0.40830220271186113,0.17027677816380768,8,8,1,167,0.35223290861803264,0.05208107231660587,19.948016746364615,0.956896015884933,COMPLETE
266,0.8011193849872423,2025-05-20 08:10:27.363351,2025-05-20 08:10:46.353596,0 days 00:00:18.990245,0.9723312015582873,0.4046415009853934,0.17585465697765884,8,8,1,252,0.41211405786853683,0.288677892969101,27.69144945857996,0.9733438860183311,COMPLETE
267,0.8076380970721926,2025-05-20 08:10:27.447351,2025-05-20 08:10:50.297542,0 days 00:00:22.850191,0.9719508502669454,0.417482139143878,0.1771798687541984,8,8,1,272,0.42061149170345047,0.29431859237653857,25.067243656260004,0.9474697488020056,COMPLETE
268,0.8093221681420187,2025-05-20 08:10:29.365401,2025-05-20 08:10:52.960820,0 days 00:00:23.595419,0.9716524212867926,0.3813189773241221,0.17466222664895012,8,8,1,274,0.27262828130617095,0.32756198229961453,19.450161755758696,0.9461736455506483,COMPLETE
269,0.8070602649112784,2025-05-20 08:10:31.970645,2025-05-20 08:10:55.360757,0 days 00:00:23.390112,0.9718705517900438,0.31773100208409305,0.1743308561355392,8,8,1,281,0.34781780142823465,0.06943487373231458,19.558111922455723,0.9601640002075958,COMPLETE
270,0.805521393533638,2025-05-20 08:10:40.688959,2025-05-20 08:11:06.913286,0 days 00:00:26.224327,0.9704812555521085,0.32344767755738874,0.17605829186649355,8,8,1,281,0.4542336341910037,0.5647476819264186,25.501519648395046,0.9573089921073241,COMPLETE
271,0.7702675949533965,2025-05-20 08:10:40.934297,2025-05-20 08:10:54.585756,0 days 00:00:13.651459,0.9694896328739279,1.6139980865471282,0.17642472414974672,7,8,1,284,0.4215694882412939,0.36870478444224886,22.729305373668694,0.9581804395585826,COMPLETE
272,0.8080212393004812,2025-05-20 08:10:44.499365,2025-05-20 08:11:10.488092,0 days 00:00:25.988727,0.9825016505092226,0.29254576252335174,0.1770485736311308,7,8,1,282,0.2993416440379345,0.5620345154652918,22.914198321973878,0.9620985999868343,COMPLETE
273,0.8093449919092801,2025-05-20 08:10:44.710366,2025-05-20 08:11:10.069171,0 days 00:00:25.358805,0.9834174838757538,0.2653206148426267,0.1785004040597808,7,8,1,272,0.4098162704308623,0.2816435755585221,19.368564540785943,0.9625965283402813,COMPLETE
274,0.8111704759138636,2025-05-20 08:10:46.360596,2025-05-20 08:11:12.183466,0 days 00:00:25.822870,0.9817798741174786,0.2745328584783211,0.18973000179939317,7,8,1,283,0.4871342547277588,0.03259241324302777,19.310295117078372,0.962404570310884,COMPLETE
275,0.7392498525797677,2025-05-20 08:10:50.301543,2025-05-20 08:11:01.707947,0 days 00:00:11.406404,0.9831451718427423,4.69581696072,0.19301178263367857,7,8,1,283,0.4904578434546729,0.3608589209902303,19.437263532082497,0.962705834533743,COMPLETE
276,0.7845457836043421,2025-05-20 08:10:52.964819,2025-05-20 08:11:21.628093,0 days 00:00:28.663274,0.9832823533256891,0.28589148889979077,0.05337584195836733,7,8,1,263,0.4876798766079389,0.4881158406354287,23.194759280770633,0.962167753981613,COMPLETE
277,0.7555154695585612,2025-05-20 08:10:54.589757,2025-05-20 08:11:07.157285,0 days 00:00:12.567528,0.981171045601464,2.8398772222804536,0.19922584348377845,7,8,1,282,0.8174401042214843,0.07396650533209317,20.914206352739555,0.9634359479665645,COMPLETE
278,0.8032641317404472,2025-05-20 08:10:55.364757,2025-05-20 08:11:22.535339,0 days 00:00:27.170582,0.9827380294536237,0.26481168613509154,0.1933468595390251,7,8,1,263,0.8178661893693645,0.023283249848156107,27.38781204346685,0.8054185936100302,COMPLETE
279,0.7887227814393623,2025-05-20 08:11:01.711956,2025-05-20 08:11:28.811201,0 days 00:00:27.099245,0.9834659713863019,0.2649809713167917,0.058611043173054836,7,8,1,261,0.8124123383221747,0.01968498191932261,20.700692979634525,0.9726596178175603,COMPLETE
280,0.8094419710388394,2025-05-20 08:11:06.917286,2025-05-20 08:11:27.564896,0 days 00:00:20.647610,0.9330162298554388,0.25811998108264156,0.20266161183076195,7,8,1,262,0.3957484760204493,0.24212626342361712,20.875180779615814,0.9732547401086794,COMPLETE
281,0.8088052161597858,2025-05-20 08:11:07.160285,2025-05-20 08:11:27.857898,0 days 00:00:20.697613,0.9319513577078727,0.263065942775245,0.18959596016848915,7,8,1,261,0.3134909841712055,0.18917335582245015,23.315421420177053,0.9756756779861459,COMPLETE
282,0.8078322596396861,2025-05-20 08:11:10.073173,2025-05-20 08:11:33.786156,0 days 00:00:23.712983,0.9339405053236742,0.1843881897328183,0.1473432614107993,7,8,1,264,0.8149439193310207,0.024221680922604072,23.084072897567772,0.9714806086784284,COMPLETE
283,0.8095382422957241,2025-05-20 08:11:10.491597,2025-05-20 08:11:34.276775,0 days 00:00:23.785178,0.9645956584356791,0.13514198397116028,0.20260647155725942,7,8,1,263,0.3875348310535106,0.19163493950273114,27.253466282196086,0.9720229388340353,COMPLETE
284,0.8051898140583804,2025-05-20 08:11:12.186467,2025-05-20 08:11:41.001018,0 days 00:00:28.814551,0.9335220529189423,0.16022805311845922,0.058744139238096536,7,8,1,294,0.47228628293759584,0.02697159925075504,6.425828181630321,0.9736711194123412,COMPLETE
285,0.8055553943126356,2025-05-20 08:11:21.630094,2025-05-20 08:11:48.188440,0 days 00:00:26.558346,0.9654895184983341,0.00017157566097253385,0.20332529422998055,7,8,1,260,0.5211648669190497,0.047462000907909585,20.29908308799246,0.8378657507628378,COMPLETE
286,0.7990247739442069,2025-05-20 08:11:22.539339,2025-05-20 08:11:51.698719,0 days 00:00:29.159380,0.9651534840390902,0.0014135734519890447,0.20621792718331303,7,8,1,293,0.5199552476295811,0.03241523582473011,6.6084529416559405,0.7461908273645639,COMPLETE
287,0.8098507924003464,2025-05-20 08:11:27.567897,2025-05-20 08:11:54.023643,0 days 00:00:26.455746,0.9639170761166165,0.1576292037127126,0.20464002528085234,7,8,1,286,0.19652305003338283,0.044210451921520996,20.26078410133971,0.9534554861568799,COMPLETE
288,0.810078800937767,2025-05-20 08:11:27.860895,2025-05-20 08:11:55.940487,0 days 00:00:28.079592,0.965641800094594,0.13173267159872984,0.14851259944417455,7,8,1,292,0.20227667395231302,0.03540231337692566,20.246121901075213,0.9508388068516682,COMPLETE
289,0.8033577021362118,2025-05-20 08:11:28.814200,2025-05-20 08:11:44.044255,0 days 00:00:15.230055,0.9651359810456337,0.007029046448560408,0.14698973706883464,7,8,1,147,0.5319023201086172,0.04167496957408913,20.4163243023484,0.9517419983841524,COMPLETE
290,0.8114043094540756,2025-05-20 08:11:33.789158,2025-05-20 08:12:02.772086,0 days 00:00:28.982928,0.9648426434574175,0.0025032474134488066,0.2033817453465139,7,8,1,286,0.9002484485337641,0.07485980673395781,19.910605562570264,0.982170644541897,COMPLETE
291,0.7690333382612589,2025-05-20 08:11:34.279898,2025-05-20 08:11:44.648856,0 days 00:00:10.368958,0.9430926411874923,1.9639674043080184,0.20587553410136003,7,8,1,256,0.5170518948389035,0.6714001640249984,20.44616994927667,0.9526326854217236,COMPLETE
292,0.810111998277598,2025-05-20 08:11:41.003020,2025-05-20 08:12:08.407482,0 days 00:00:27.404462,0.9656617762878769,0.007895101302256824,0.20613562980652117,7,8,1,288,0.500560711250927,0.6699859713682351,20.435293627654957,0.9504863532789579,COMPLETE
293,0.805196295361587,2025-05-20 08:11:44.046255,2025-05-20 08:12:10.349257,0 days 00:00:26.303002,0.7653589791054521,0.00013771350001635235,0.2058691833152006,7,8,1,286,0.9059324129943119,0.07836078622440923,20.15098586461645,0.8443249309992898,COMPLETE
294,0.8099392106507146,2025-05-20 08:11:44.653377,2025-05-20 08:12:03.880115,0 days 00:00:19.226738,0.9546220860767043,0.08424200296585962,0.18737671298326306,7,8,1,197,0.8965881948105873,0.07160587300545324,22.089709454379992,0.9808152456478105,COMPLETE
295,0.7410643536740876,2025-05-20 08:11:48.191440,2025-05-20 08:11:56.450145,0 days 00:00:08.258705,0.956496882249286,3.7911462999444647,0.18622348080729384,7,8,1,195,0.8975610900347776,0.0835184073791166,18.916391932331642,0.9812461987749241,COMPLETE
296,0.7568280802286209,2025-05-20 08:11:51.700718,2025-05-20 08:12:05.630109,0 days 00:00:13.929391,0.9573801219503538,0.1067305981842817,0.19243203136620204,7,4,1,250,0.902146734920451,0.08074519266573288,10.153854066192135,0.9799589818967832,COMPLETE
297,0.8108594478411861,2025-05-20 08:11:54.027642,2025-05-20 08:12:09.664908,0 days 00:00:15.637266,0.9886325824723499,0.11764229317029222,0.18892405512125526,7,8,1,194,0.901561098987896,0.08177952050049483,9.503614353635802,0.9820117317152465,COMPLETE
298,0.8075416664389763,2025-05-20 08:11:55.944489,2025-05-20 08:12:11.050633,0 days 00:00:15.106144,0.9535472547878538,0.08011817398347792,0.18750637515198293,7,8,1,196,0.9044015848948546,0.43045915541402396,18.890453926168917,0.9811349325428539,COMPLETE
299,0.8032129375723054,2025-05-20 08:11:56.453144,2025-05-20 08:12:12.700768,0 days 00:00:16.247624,0.989847830708702,0.08850523000927354,0.16265888072861773,7,8,4,250,0.8390890269192245,0.43310761775946705,21.996228766087032,0.9827355017372689,COMPLETE
