number,value,datetime_start,datetime_complete,duration,params_colsample_bytree,params_gamma,params_learning_rate,params_max_depth,params_min_child_weight,params_n_estimators,params_reg_alpha,params_reg_lambda,params_subsample,state
0,0.8700604260433091,2025-05-18 11:31:39.098101,2025-05-18 11:31:41.034423,0 days 00:00:01.936322,0.7165403688354319,3.0343971951577626,0.17121332874209044,3,1,252,0.0672154409716772,0.5276353407470417,0.9929226632608266,COMPLETE
1,0.8913131155063452,2025-05-18 11:31:41.036424,2025-05-18 11:31:42.932324,0 days 00:00:01.895900,0.9540639355947124,2.9511520885777283,0.11394961308972748,10,1,151,0.8858343315771842,0.5493107932753325,0.819290435532228,COMPLETE
2,0.8730002828723125,2025-05-18 11:31:42.934460,2025-05-18 11:31:44.581911,0 days 00:00:01.647451,0.8318154200365399,4.852845959724752,0.030997163177453872,5,4,205,0.03981482865275365,0.8637916472226932,0.9257405355354783,COMPLETE
3,0.8948667871763911,2025-05-18 11:31:44.583911,2025-05-18 11:31:46.118215,0 days 00:00:01.534304,0.9901594331395088,1.236597767328771,0.18052965656933978,3,2,185,0.022324323722240025,0.7586745029924951,0.7624905406635994,COMPLETE
4,0.8973320036366055,2025-05-18 11:31:46.120215,2025-05-18 11:31:46.944907,0 days 00:00:00.824692,0.7517166260367757,1.849846399012044,0.1874136635947074,9,4,112,0.8095165766974626,0.48260511959773167,0.8607246048954678,COMPLETE
5,0.8930058591234935,2025-05-18 11:31:46.946907,2025-05-18 11:31:49.145498,0 days 00:00:02.198591,0.9052997619439249,1.129732063190526,0.10864779254115822,7,5,224,0.04569018852004414,0.5982549116384015,0.7689648351118673,COMPLETE
6,0.8952372100471786,2025-05-18 11:31:49.146498,2025-05-18 11:31:51.293003,0 days 00:00:02.146505,0.7741991380165135,1.0258417582946517,0.04937080239537657,8,2,260,0.9175646587719484,0.026966306011342644,0.8046977276189186,COMPLETE
7,0.8746133287637372,2025-05-18 11:31:51.295005,2025-05-18 11:31:52.891956,0 days 00:00:01.596951,0.9694946637834564,4.709903214055621,0.023454202505034723,4,3,273,0.5741771241579763,0.5243119976555518,0.9037424459423342,COMPLETE
8,0.8969307260165305,2025-05-18 11:31:52.892955,2025-05-18 11:31:54.115471,0 days 00:00:01.222516,0.9380388645597142,1.1548173093288205,0.17392294854407037,6,3,181,0.9646772336300181,0.41263015467311726,0.717416480317051,COMPLETE
9,0.8855810257034352,2025-05-18 11:31:54.117472,2025-05-18 11:31:55.234675,0 days 00:00:01.117203,0.7518559101725999,0.2507210437709412,0.084118598847947,3,4,201,0.6319013478642992,0.07876133683479125,0.8931421064956447,COMPLETE
10,0.8602142601625365,2025-05-18 11:31:55.236676,2025-05-18 11:31:56.430879,0 days 00:00:01.194203,0.8345180856662676,2.1358355832523546,0.011832088128541342,10,5,101,0.31490048766620476,0.28142556354120746,0.8600864479977248,COMPLETE
11,0.8968105500928525,2025-05-18 11:31:56.432879,2025-05-18 11:31:57.205879,0 days 00:00:00.773000,0.8985682530617578,2.0937977643727694,0.21563127887740502,8,3,101,0.7768202324438478,0.3273034236934895,0.731500279216408,COMPLETE
12,0.8992934473236112,2025-05-18 11:31:57.206880,2025-05-18 11:31:58.659666,0 days 00:00:01.452786,0.8946708974612496,1.7832628173705576,0.28464700116898306,6,4,134,0.9861634285871527,0.3269430767050023,0.7183433085149569,COMPLETE
13,0.8919210440520446,2025-05-18 11:31:58.661666,2025-05-18 11:31:59.513918,0 days 00:00:00.852252,0.7949594197183626,3.2092197745804967,0.2850312067492126,8,4,141,0.747331287234033,0.19821506404394373,0.8464997346138146,COMPLETE
14,0.8816068080629882,2025-05-18 11:31:59.514917,2025-05-18 11:32:00.281273,0 days 00:00:00.766356,0.8872783863046416,3.8840316631919167,0.27201030788583286,6,4,136,0.4057561819179958,0.6689134786668611,0.9504595786992405,COMPLETE
15,0.8867697451106566,2025-05-18 11:32:00.282273,2025-05-18 11:32:01.914087,0 days 00:00:01.631814,0.7026812401414593,1.8320166250167653,0.06807462291026704,9,5,119,0.7826160221676185,0.9854405081588359,0.787372181858044,COMPLETE
16,0.8950172951028065,2025-05-18 11:32:01.916088,2025-05-18 11:32:03.720408,0 days 00:00:01.804320,0.854518797985588,0.39748206975902534,0.12298879972783731,5,4,171,0.9659704617783414,0.40762935548881996,0.7016813741178898,COMPLETE
17,0.8852607328347177,2025-05-18 11:32:03.721407,2025-05-18 11:32:04.927631,0 days 00:00:01.206224,0.8026347154515635,2.4993915284828034,0.04611657552876226,7,3,123,0.6508309452907821,0.17337032481275572,0.8538649662013804,COMPLETE
18,0.8944844497577303,2025-05-18 11:32:04.929631,2025-05-18 11:32:06.079178,0 days 00:00:01.149547,0.738778800121723,1.646242428707433,0.2899109156734993,9,2,164,0.8387728877012878,0.40936652254693784,0.7438511144399712,COMPLETE
19,0.8784866502878501,2025-05-18 11:32:06.080178,2025-05-18 11:32:07.013587,0 days 00:00:00.933409,0.8710331307227366,3.755362216613393,0.13459290290588602,5,5,123,0.48435230933760043,0.7070381788820095,0.823909199555308,COMPLETE
20,0.8881290083589553,2025-05-18 11:32:07.015587,2025-05-18 11:32:09.257081,0 days 00:00:02.241494,0.923281338040379,2.492433584942618,0.0744883504150369,9,4,296,0.9997482481222643,0.25816675203087797,0.8767643982179567,COMPLETE
21,0.9012602890865824,2025-05-18 11:32:09.259066,2025-05-18 11:32:11.417365,0 days 00:00:02.158299,0.9442937810669567,0.6712334533581459,0.17239987488532818,6,3,163,0.9980986834192064,0.39382087845134117,0.7290929708428009,COMPLETE
22,0.9013136703436256,2025-05-18 11:32:11.418364,2025-05-18 11:32:13.384354,0 days 00:00:01.965990,0.995023841917668,0.5357999306978161,0.21636557666341838,6,3,154,0.852303482184763,0.3688802992436757,0.7005224899044461,COMPLETE
23,0.8969639371514705,2025-05-18 11:32:13.386353,2025-05-18 11:32:15.662431,0 days 00:00:02.276078,0.9996105569461946,0.6118516255809018,0.22523040713550857,6,2,152,0.8866277392980282,0.351152518032237,0.7018632653696928,COMPLETE
24,0.8994844109670423,2025-05-18 11:32:15.664431,2025-05-18 11:32:17.652851,0 days 00:00:01.988420,0.9292832225988317,0.08821832240877026,0.13698983249103203,7,3,162,0.6922559968513655,0.16920950422058822,0.7468428138963409,COMPLETE
25,0.8972907353326743,2025-05-18 11:32:17.654852,2025-05-18 11:32:20.226664,0 days 00:00:02.571812,0.9702143795841361,0.05657374269650839,0.09453648575851904,7,3,216,0.6928496136271715,0.1423355761629899,0.7496265087747606,COMPLETE
26,0.8934120549400528,2025-05-18 11:32:20.227665,2025-05-18 11:32:21.525401,0 days 00:00:01.297736,0.9266767882005804,0.7139909589556175,0.14173856571797624,4,2,164,0.5650007863690722,0.2412423057104897,0.7789573572721514,COMPLETE
27,0.9018932305244173,2025-05-18 11:32:21.527401,2025-05-18 11:32:23.434560,0 days 00:00:01.907159,0.9526644057422391,0.02705451346380236,0.15898823453016284,7,3,188,0.7045600845011599,0.10103038066343584,0.7369002884115665,COMPLETE
28,0.8968761139365955,2025-05-18 11:32:23.435558,2025-05-18 11:32:25.263890,0 days 00:00:01.828332,0.9725504191062279,0.6064598394385846,0.05903571178006421,5,3,185,0.8508430328895933,0.10151170426564549,0.7273648027535184,COMPLETE
29,0.8991838160421124,2025-05-18 11:32:25.265890,2025-05-18 11:32:26.773314,0 days 00:00:01.507424,0.9564561992250068,0.7686155194978052,0.2253892758335915,4,3,232,0.21493789886866677,0.48473029005310503,0.7825257492700244,COMPLETE
30,0.895404901124145,2025-05-18 11:32:26.774884,2025-05-18 11:32:29.093971,0 days 00:00:02.319087,0.985559897258293,1.4569427735091158,0.03633891894159298,7,1,242,0.7304438148697705,0.5985805354344846,0.7979582206129379,COMPLETE
31,0.8935954925249077,2025-05-18 11:32:29.095973,2025-05-18 11:32:30.925536,0 days 00:00:01.829563,0.9430038494888903,0.04591173029858181,0.1498026201411022,7,3,152,0.6675594081224385,0.052915045179313024,0.7469865561587906,COMPLETE
32,0.8934561344794382,2025-05-18 11:32:30.927538,2025-05-18 11:32:33.195957,0 days 00:00:02.268419,0.9148928424588935,0.30235017494551747,0.09670255148190149,6,3,174,0.9284440995857615,0.14131749356083576,0.9843716688652298,COMPLETE
33,0.8982528371197236,2025-05-18 11:32:33.197957,2025-05-18 11:32:35.336214,0 days 00:00:02.138257,0.9472100613460435,0.8668894775197672,0.1588081193995851,8,2,187,0.5795503977550264,0.23299035121451184,0.7361136910963605,COMPLETE
34,0.8962797375959088,2025-05-18 11:32:35.338215,2025-05-18 11:32:38.449731,0 days 00:00:03.111516,0.9792379522352603,0.0296273721078677,0.20823330908260018,6,3,208,0.8721525311203607,0.014288375670515496,0.7577863451579004,COMPLETE
35,0.9027275776889141,2025-05-18 11:32:38.451731,2025-05-18 11:32:40.390742,0 days 00:00:01.939011,0.9577557842971716,0.45694158715837385,0.11835118904833745,7,1,192,0.723551129846591,0.3703034784230777,0.7085439358759351,COMPLETE
36,0.8949725521772443,2025-05-18 11:32:40.391743,2025-05-18 11:32:42.132720,0 days 00:00:01.740977,0.96204174515962,0.4789062710876797,0.10833406793684637,5,1,189,0.8026642167673137,0.4371443381858478,0.7018842541938789,COMPLETE
37,0.8959658695530702,2025-05-18 11:32:42.134721,2025-05-18 11:32:43.492247,0 days 00:00:01.357526,0.999366646900472,1.4163155069691813,0.1791718599938798,8,1,199,0.9075545467081501,0.3549850796520638,0.7194110183403167,COMPLETE
38,0.9011215567969106,2025-05-18 11:32:43.493849,2025-05-18 11:32:45.040353,0 days 00:00:01.546504,0.8746433312794488,0.9268866952165534,0.11865599156936298,7,2,196,0.1253297507439608,0.5719799162003989,0.773594466738615,COMPLETE
39,0.8954262472574117,2025-05-18 11:32:45.041353,2025-05-18 11:32:46.579999,0 days 00:00:01.538646,0.9492404690410179,1.3630237298209344,0.1881476336209452,6,1,219,0.46438315989332796,0.804945311499882,0.8149646209922602,COMPLETE
40,0.8760069802968026,2025-05-18 11:32:46.580999,2025-05-18 11:32:47.806075,0 days 00:00:01.225076,0.9863510992999263,1.1025380922767507,0.016936469930473222,6,2,143,0.821609703150797,0.47606245486083015,0.7623319689297593,COMPLETE
41,0.8982378206284108,2025-05-18 11:32:47.808076,2025-05-18 11:32:49.581370,0 days 00:00:01.773294,0.8723618154336438,0.3498328691001363,0.1098964829149854,7,2,175,0.12802151676521056,0.5849634930032861,0.7153719400539125,COMPLETE
42,0.896338120140401,2025-05-18 11:32:49.582371,2025-05-18 11:32:51.767360,0 days 00:00:02.184989,0.9608334047829911,0.9428092960808538,0.08379308445600722,7,1,200,0.17509373569674647,0.5561261624026612,0.7707886134388666,COMPLETE
43,0.8960201192149315,2025-05-18 11:32:51.768939,2025-05-18 11:32:53.895439,0 days 00:00:02.126500,0.9148353990883363,0.599503425795889,0.23924160714718126,8,2,211,0.2950354396958047,0.6219618713015829,0.729380748182921,COMPLETE
44,0.8997299152129168,2025-05-18 11:32:53.897438,2025-05-18 11:32:55.862879,0 days 00:00:01.965441,0.8396916715619758,0.9274264266032936,0.17491951265005784,7,1,190,0.7395429648987113,0.3008423667512494,0.7145144994880247,COMPLETE
45,0.8980519616298892,2025-05-18 11:32:55.864880,2025-05-18 11:32:58.823374,0 days 00:00:02.958494,0.8785488895330678,0.38236841849809733,0.11973873756026915,6,2,229,0.9363499258991189,0.5138115945515042,0.7339660776779959,COMPLETE
46,0.8942678978890178,2025-05-18 11:32:58.825375,2025-05-18 11:33:02.339781,0 days 00:00:03.514406,0.9366609100297476,0.20095987832062012,0.15766810794673536,8,3,197,0.08769578112946019,0.4450742034339854,0.8333647510237678,COMPLETE
47,0.902162954150639,2025-05-18 11:33:02.342779,2025-05-18 11:33:04.121215,0 days 00:00:01.778436,0.8566020573508373,1.1695343603156962,0.1983242015053061,5,2,158,0.5232862780720839,0.3894984181444027,0.7127974946891694,COMPLETE
48,0.9016779819349111,2025-05-18 11:33:04.124214,2025-05-18 11:33:05.769599,0 days 00:00:01.645385,0.8031288794198301,0.509519853622383,0.19511173051145705,5,3,155,0.5942910495177198,0.37304300989282557,0.700954508617557,COMPLETE
49,0.8939421430848801,2025-05-18 11:33:05.772600,2025-05-18 11:33:07.169484,0 days 00:00:01.396884,0.8183651470910857,1.2306285947759201,0.24294074109460298,4,4,147,0.6140943249097192,0.29907013581153274,0.7084567230337905,COMPLETE
50,0.8989258088361933,2025-05-18 11:33:07.171483,2025-05-18 11:33:08.428637,0 days 00:00:01.257154,0.7821412286678501,0.42597066888416585,0.19767949729105275,5,2,155,0.531882866359148,0.3611621681893594,0.7195796854157503,COMPLETE
51,0.8961331934448236,2025-05-18 11:33:08.430636,2025-05-18 11:33:09.747742,0 days 00:00:01.317106,0.8209719520349144,0.634845098021917,0.25536454415466364,5,3,133,0.439369045751719,0.44520702083700836,0.7001512966882032,COMPLETE
52,0.8931933990057459,2025-05-18 11:33:09.749743,2025-05-18 11:33:10.895583,0 days 00:00:01.145840,0.7732322745041925,0.22400115128996206,0.19527011882031262,3,3,178,0.6028884863641257,0.3940374145525479,0.7265576457940397,COMPLETE
53,0.895080886914301,2025-05-18 11:33:10.896583,2025-05-18 11:33:12.050446,0 days 00:00:01.153863,0.8540357969974216,1.1406356085595672,0.1668880765338457,5,3,167,0.5469744223294819,0.38302648878843565,0.7387573488327089,COMPLETE
54,0.8924318911788791,2025-05-18 11:33:12.052447,2025-05-18 11:33:13.190502,0 days 00:00:01.138055,0.7372171790303597,2.057904663807147,0.13034522607576549,6,4,158,0.5092892946181679,0.3169636454346385,0.7119296652158934,COMPLETE
55,0.8845206695750215,2025-05-18 11:33:13.191502,2025-05-18 11:33:14.567599,0 days 00:00:01.376097,0.9029280041307614,3.03442422572694,0.20260440424653148,5,4,138,0.706752551867724,0.2683951865124348,0.7539002497734467,COMPLETE
56,0.8972009768792593,2025-05-18 11:33:14.568598,2025-05-18 11:33:16.409706,0 days 00:00:01.841108,0.9805787986995196,1.6398530657027532,0.2537950636679781,6,3,168,0.3850154343007952,0.21757839545382873,0.7285176645361885,COMPLETE
57,0.8926718938826235,2025-05-18 11:33:16.410706,2025-05-18 11:33:17.611383,0 days 00:00:01.200677,0.7974129797804786,0.5185581476212431,0.1525171817917441,4,3,129,0.7757222629791114,0.5249161148727178,0.7092676477453962,COMPLETE
58,0.893048689228823,2025-05-18 11:33:17.613383,2025-05-18 11:33:18.988036,0 days 00:00:01.374653,0.9648296181452474,0.7381851402755586,0.29537875151372794,5,2,180,0.6482416884108962,0.4651049894110414,0.9257737826446784,COMPLETE
59,0.869682783227733,2025-05-18 11:33:18.990123,2025-05-18 11:33:20.497618,0 days 00:00:01.507495,0.8103169900802785,3.5395309550560117,0.010328775428538373,6,3,160,0.7559079732727525,0.33894851326869535,0.7411953097933286,COMPLETE
60,0.8967953703128643,2025-05-18 11:33:20.499619,2025-05-18 11:33:22.150399,0 days 00:00:01.650780,0.890441508045012,0.7719720217078663,0.09825227877481935,10,3,144,0.9649495586771095,0.9439906960889305,0.7231458734627381,COMPLETE
61,0.8981047733756936,2025-05-18 11:33:22.152399,2025-05-18 11:33:23.865882,0 days 00:00:01.713483,0.8306205800722721,0.9677497520856316,0.12371794615417625,7,2,194,0.39185257504451576,0.7052662694645099,0.7700030173004051,COMPLETE
62,0.8970294723503582,2025-05-18 11:33:23.867883,2025-05-18 11:33:25.588456,0 days 00:00:01.720573,0.8438900444578403,0.2059070152539073,0.14379168808283815,7,1,171,0.6691057624183844,0.5483520146497101,0.7087000290110168,COMPLETE
63,0.888726941943016,2025-05-18 11:33:25.590455,2025-05-18 11:33:26.649936,0 days 00:00:01.059481,0.8612601560169282,4.718918771642299,0.1721202291219809,6,2,179,0.3293297551233916,0.6502698701608608,0.7001032248554832,COMPLETE
64,0.8979627674024673,2025-05-18 11:33:26.650937,2025-05-18 11:33:28.041147,0 days 00:00:01.390210,0.910441175643702,0.810215962958598,0.2143740543831421,7,3,152,0.6057628018902734,0.4193415770582556,0.7944083935075466,COMPLETE
65,0.8982343868122229,2025-05-18 11:33:28.042146,2025-05-18 11:33:29.634062,0 days 00:00:01.591916,0.9366852997733955,1.288207836078068,0.08239174852955163,7,2,183,0.8634974236394,0.3819448024567498,0.7375487578844591,COMPLETE
66,0.8983304607523436,2025-05-18 11:33:29.636062,2025-05-18 11:33:32.076246,0 days 00:00:02.440184,0.9931392984711206,0.5313751405163915,0.10969364855330141,6,3,193,0.006001042672920898,0.49728839578805656,0.7494693945838801,COMPLETE
67,0.876572008180324,2025-05-18 11:33:32.079245,2025-05-18 11:33:34.020902,0 days 00:00:01.941657,0.9759332149807168,4.2492014844977115,0.0661961055534845,5,4,110,0.7145987763344182,0.27542402969653235,0.7220154058376633,COMPLETE
68,0.8935718924689979,2025-05-18 11:33:34.023905,2025-05-18 11:33:37.018418,0 days 00:00:02.994513,0.8623067319915887,1.0072558405318983,0.04421533371183943,8,1,207,0.8021715122389173,0.1072494157641942,0.7608255051695846,COMPLETE
69,0.8999275109678222,2025-05-18 11:33:37.020418,2025-05-18 11:33:38.619362,0 days 00:00:01.598944,0.953129387859862,0.00038793163997452584,0.13674433140738418,4,3,158,0.8963256154524588,0.3644456586621702,0.7105102032961458,COMPLETE
70,0.9005157022616315,2025-05-18 11:33:38.621362,2025-05-18 11:33:40.166292,0 days 00:00:01.544930,0.9229473516189001,1.6211991605360074,0.2270686945599465,7,2,169,0.5164094843784292,0.19026142172154023,0.7331010331207393,COMPLETE
71,0.8993468023682298,2025-05-18 11:33:40.168291,2025-05-18 11:33:41.815858,0 days 00:00:01.647567,0.8775151941181653,1.497480000467796,0.22707181705463775,7,2,148,0.501967289118886,0.05061295737365187,0.7314975462072147,COMPLETE
72,0.8963782940309636,2025-05-18 11:33:41.816859,2025-05-18 11:33:43.080512,0 days 00:00:01.263653,0.922693067236119,1.1220555819114382,0.18502775195721544,7,2,165,0.5619204218168067,0.19116156506853754,0.7418390106173663,COMPLETE
73,0.8984234989807596,2025-05-18 11:33:43.081513,2025-05-18 11:33:44.687062,0 days 00:00:01.605549,0.9442793376812693,0.18613878505508374,0.2639793407068397,6,2,173,0.4644348309349648,0.1528388553409558,0.775724841547053,COMPLETE
74,0.8968165482910508,2025-05-18 11:33:44.689061,2025-05-18 11:33:45.863639,0 days 00:00:01.174578,0.931075262945179,2.3603907840310585,0.21061038940474486,8,1,204,0.42562418954868764,0.1036144639211533,0.7213377799409891,COMPLETE
75,0.896459298088268,2025-05-18 11:33:45.865639,2025-05-18 11:33:47.050290,0 days 00:00:01.184651,0.8973121999285657,1.5948952593821464,0.16472111837316591,7,2,185,0.5906153459411274,0.42658975177865643,0.7540287415065461,COMPLETE
76,0.8807276886287262,2025-05-18 11:33:47.051291,2025-05-18 11:33:48.739777,0 days 00:00:01.688486,0.8839837129139341,0.6647149786355995,0.024474267007782304,6,3,167,0.530394562099779,0.3171639190195632,0.8777977482550189,COMPLETE
77,0.8949777836209245,2025-05-18 11:33:48.740776,2025-05-18 11:33:51.417745,0 days 00:00:02.676969,0.9687131932733425,0.3315809731876296,0.22815726667330363,7,3,288,0.6691583383874204,0.001317845922505556,0.7053269409449396,COMPLETE
78,0.8977479020539869,2025-05-18 11:33:51.419745,2025-05-18 11:33:53.656553,0 days 00:00:02.236808,0.9207329960927957,0.8576811722814681,0.18741775810195999,5,2,214,0.8296850224880239,0.46224845118095703,0.7154447741510227,COMPLETE
79,0.9006856625798318,2025-05-18 11:33:53.657552,2025-05-18 11:33:55.978079,0 days 00:00:02.320527,0.9537729724585801,0.43224260696039085,0.15474171441119214,8,1,155,0.6440618454199387,0.22638714705454016,0.7309234877447354,COMPLETE
80,0.9015965113860731,2025-05-18 11:33:55.980078,2025-05-18 11:33:58.757044,0 days 00:00:02.776966,0.9548761848319111,0.46746118540529535,0.15074856086507185,9,1,127,0.6259383734913415,0.2255107338280868,0.7453654207589949,COMPLETE
81,0.8992762455346296,2025-05-18 11:33:58.759043,2025-05-18 11:34:00.650058,0 days 00:00:01.891015,0.951575008669953,0.45927547217144715,0.14750905340579418,9,1,112,0.6319990194533103,0.24773232525246652,0.7453760079242193,COMPLETE
82,0.8996085887318688,2025-05-18 11:34:00.652059,2025-05-18 11:34:02.450480,0 days 00:00:01.798421,0.9597046436537942,0.13520625057765395,0.1275219617936844,9,1,123,0.6799494823955458,0.21544525080417437,0.7656350751640423,COMPLETE
83,0.899563851530766,2025-05-18 11:34:02.452042,2025-05-18 11:34:04.321198,0 days 00:00:01.869156,0.9425825381458378,0.31118948194473667,0.1600479626140762,9,1,140,0.6327068395860913,0.28887058486236705,0.7276828491500509,COMPLETE
84,0.8999516672905123,2025-05-18 11:34:04.323198,2025-05-18 11:34:05.880176,0 days 00:00:01.556978,0.9947424618948791,0.5111585548180948,0.12126280153025312,8,1,130,0.7666104461599589,0.4024796531244084,0.7146125361952073,COMPLETE
85,0.9025533889030635,2025-05-18 11:34:05.882176,2025-05-18 11:34:07.646075,0 days 00:00:01.763899,0.9874681781045085,0.6605884880992754,0.10378088333673482,9,1,146,0.723723619223579,0.33383558566102056,0.7541230521493604,COMPLETE
86,0.9005477836786732,2025-05-18 11:34:07.648076,2025-05-18 11:34:09.912058,0 days 00:00:02.263982,0.9852182713555593,0.6636584177766337,0.09347049934182869,10,1,148,0.7241501789627202,0.34001904497885554,0.7550628045320853,COMPLETE
87,0.8946045348053626,2025-05-18 11:34:09.915059,2025-05-18 11:34:11.501362,0 days 00:00:01.586303,0.9738241629425025,1.038548571504124,0.10471936876590285,9,1,135,0.9360637266418161,0.3166539346202387,0.7211897456152664,COMPLETE
88,0.8955176068262574,2025-05-18 11:34:11.502361,2025-05-18 11:34:13.113678,0 days 00:00:01.611317,0.9808455772993109,0.821317323074898,0.1366566339950055,10,5,126,0.7921587616972178,0.551625249455808,0.7893329436314366,COMPLETE
89,0.896257768627806,2025-05-18 11:34:13.115678,2025-05-18 11:34:14.308631,0 days 00:00:01.192953,0.7658287203399439,0.5701359923912699,0.11769915647991562,5,1,119,0.5636049361983857,0.3707901551056704,0.7787241844377869,COMPLETE
90,0.8988468540594439,2025-05-18 11:34:14.309631,2025-05-18 11:34:16.640722,0 days 00:00:02.331091,0.9664215006873301,0.7233952113744428,0.08862681803551567,9,3,143,0.6985362577807728,0.45072657237058217,0.7050665548296927,COMPLETE
91,0.89435959695463,2025-05-18 11:34:16.642723,2025-05-18 11:34:19.000339,0 days 00:00:02.357616,0.9547099728967202,0.3457268250227874,0.17812437868203898,8,1,157,0.6266269563245337,0.25929165904113405,0.7365759461544571,COMPLETE
92,0.9010865510478435,2025-05-18 11:34:19.002337,2025-05-18 11:34:21.397846,0 days 00:00:02.395509,0.9891976732564409,0.4385388188826357,0.14980676010436905,9,1,153,0.6547957961175338,0.39961269321410037,0.8075811057404707,COMPLETE
93,0.9018102939640683,2025-05-18 11:34:21.398846,2025-05-18 11:34:24.217582,0 days 00:00:02.818736,0.9797720319730054,0.1054376600461871,0.10232906783495992,9,1,147,0.9957868812612339,0.4047349487287245,0.8161577628937832,COMPLETE
94,0.9002395757817548,2025-05-18 11:34:24.220582,2025-05-18 11:34:27.650434,0 days 00:00:03.429852,0.9985979777734854,0.11575290057236945,0.07623100010565768,10,1,163,0.9763430683224593,0.34716139941884044,0.849038274272605,COMPLETE
95,0.9031193517294334,2025-05-18 11:34:27.652531,2025-05-18 11:34:29.568823,0 days 00:00:01.916292,0.977151185059072,0.2437098556176231,0.10620592281041066,9,1,146,0.9543053361940212,0.4235753238921518,0.836449054880501,COMPLETE
96,0.900877391286874,2025-05-18 11:34:29.570824,2025-05-18 11:34:31.716628,0 days 00:00:02.145804,0.9719125446954812,0.0038423180101171406,0.10189082895687221,9,1,147,0.9406497423567881,0.49561577486449426,0.8223972411972441,COMPLETE
97,0.8990224073933227,2025-05-18 11:34:31.717637,2025-05-18 11:34:33.316859,0 days 00:00:01.599222,0.9814013060686199,0.25711282364282295,0.1995457858329762,9,1,137,0.9996001113956655,0.42437168679287796,0.8379220285314402,COMPLETE
98,0.8991746588738664,2025-05-18 11:34:33.318858,2025-05-18 11:34:34.973577,0 days 00:00:01.654719,0.9909620875265632,0.1316186052815314,0.057986383061240945,9,1,133,0.9070777764452923,0.3882805945087213,0.8295456798115912,COMPLETE
99,0.9002069704654441,2025-05-18 11:34:34.975677,2025-05-18 11:34:36.748910,0 days 00:00:01.773233,0.9594337985321869,0.27870405789720815,0.07130878048630944,10,1,141,0.7481346289603418,0.30312299147270416,0.8576200205668547,COMPLETE
100,0.8975795922634444,2025-05-18 11:34:36.750911,2025-05-18 11:34:38.695824,0 days 00:00:01.944913,0.9756881657605244,0.6147413629039122,0.08963227086116718,9,1,161,0.8817584892263081,0.33249912931093206,0.71526506944744,COMPLETE
101,0.8975280197571129,2025-05-18 11:34:38.696823,2025-05-18 11:34:40.172549,0 days 00:00:01.475726,0.8478500978880685,0.9224188379980272,0.10876194972030936,6,3,176,0.9619786566756341,0.3644364988959037,0.8074011832528508,COMPLETE
102,0.8925523352336219,2025-05-18 11:34:40.174550,2025-05-18 11:34:41.472793,0 days 00:00:01.298243,0.9653509182854384,1.2450033448023359,0.11402652688992025,5,1,151,0.8512363669225834,0.4688130345923645,0.873123835697778,COMPLETE
103,0.8976257248132241,2025-05-18 11:34:41.474793,2025-05-18 11:34:43.790569,0 days 00:00:02.315776,0.8644237538124713,0.5302130860181006,0.13832589196610492,9,3,255,0.9988249817317114,0.4064450735528754,0.7487389887748556,COMPLETE
104,0.8922974579464904,2025-05-18 11:34:43.792571,2025-05-18 11:34:45.296190,0 days 00:00:01.503619,0.9838441468310388,0.3995575869765776,0.07882571539678485,4,1,146,0.9622596441794873,0.4445672555806262,0.8413475966169243,COMPLETE
105,0.8924058748100225,2025-05-18 11:34:45.298190,2025-05-18 11:34:46.842255,0 days 00:00:01.544065,0.8315565728854594,0.7050743148228639,0.13137370086324526,6,3,190,0.953160235395399,0.570325433081028,0.993284913157577,COMPLETE
106,0.8952390322327801,2025-05-18 11:34:46.844255,2025-05-18 11:34:48.931725,0 days 00:00:02.087470,0.9346465151738573,0.2339392597013702,0.1721686859960667,8,1,194,0.5810089249305782,0.5170738817077712,0.7418957116278708,COMPLETE
107,0.898446800285662,2025-05-18 11:34:48.933725,2025-05-18 11:34:52.096007,0 days 00:00:03.162282,0.7866148341003849,0.10861202701082379,0.09946979914855457,9,3,203,0.07328451631800467,0.3744461446612612,0.7065076746859971,COMPLETE
108,0.8966264301817815,2025-05-18 11:34:52.098007,2025-05-18 11:34:53.712012,0 days 00:00:01.614005,0.9473671976001864,0.5700035333322958,0.11859091109349602,5,3,161,0.7363555929369654,0.41945112114085287,0.7239675577424082,COMPLETE
109,0.8991491820961475,2025-05-18 11:34:53.714015,2025-05-18 11:34:56.502287,0 days 00:00:02.788272,0.9896432122029832,0.8003074701219712,0.1612097473694058,10,1,182,0.9128901198077318,0.480877630738188,0.7988498380319667,COMPLETE
110,0.89155411338709,2025-05-18 11:34:56.504290,2025-05-18 11:34:58.020923,0 days 00:00:01.516633,0.7309274029562441,1.9198497566508514,0.2435764667014922,8,4,107,0.26308476615359955,0.34963842919076354,0.8181924772683925,COMPLETE
111,0.896222047593513,2025-05-18 11:34:58.022922,2025-05-18 11:35:00.182340,0 days 00:00:02.159418,0.9893412009747746,0.4537405042180047,0.19320847168818653,9,1,153,0.655689869774892,0.3905761825162799,0.8251249853975199,COMPLETE
112,0.9060833450915228,2025-05-18 11:35:00.184340,2025-05-18 11:35:02.177816,0 days 00:00:01.993476,0.9992861284008214,0.4164647725748821,0.14236389468704885,9,1,150,0.6083134481198285,0.6080463768225979,0.802095005505838,COMPLETE
113,0.8952173359594126,2025-05-18 11:35:02.179817,2025-05-18 11:35:03.290933,0 days 00:00:01.111116,0.9997176074852284,2.814295603132166,0.14506211932295165,9,1,149,0.6013872087608755,0.5973898144190634,0.7732717359957189,COMPLETE
114,0.8969450383564492,2025-05-18 11:35:03.292933,2025-05-18 11:35:05.206630,0 days 00:00:01.913697,0.9763006898477581,0.3374956881461762,0.12611949292262412,9,1,143,0.5458984234344302,0.29238519165268034,0.7605379680855264,COMPLETE
115,0.9005502361466422,2025-05-18 11:35:05.208632,2025-05-18 11:35:07.071255,0 days 00:00:01.862623,0.968286781641396,0.8830792552584881,0.18191740745372129,7,1,222,0.48622269948081553,0.665886227076242,0.8114474772933943,COMPLETE
116,0.8996487115747271,2025-05-18 11:35:07.073255,2025-05-18 11:35:08.490640,0 days 00:00:01.417385,0.9942545653385655,0.19812946359872016,0.21005751912536094,8,1,138,0.6958622454241593,0.5335499002647894,0.7851204541788559,COMPLETE
117,0.8960847698682985,2025-05-18 11:35:08.492640,2025-05-18 11:35:10.143752,0 days 00:00:01.651112,0.9409056736176751,1.0262315454986208,0.1650387621429043,6,3,197,0.986208943878938,0.6073558800073323,0.7938054825960458,COMPLETE
118,0.8941325315163116,2025-05-18 11:35:10.145751,2025-05-18 11:35:11.414554,0 days 00:00:01.268803,0.8378974623780601,0.6813854436464685,0.11169773200870048,5,2,157,0.9219549757867834,0.13060548447215292,0.7663311749629486,COMPLETE
119,0.8937775645076191,2025-05-18 11:35:11.416738,2025-05-18 11:35:12.648658,0 days 00:00:01.231920,0.9632312558396522,0.3124464396303083,0.267886977159142,3,1,171,0.8200654926134516,0.4300596673749865,0.7009054188613794,COMPLETE
120,0.8774741900909127,2025-05-18 11:35:12.649658,2025-05-18 11:35:14.096553,0 days 00:00:01.446895,0.808128974095896,0.0596229965841783,0.014681583443510197,7,3,131,0.17394529002009307,0.6342616444738534,0.7093547246875976,COMPLETE
121,0.8993273098345765,2025-05-18 11:35:14.098555,2025-05-18 11:35:16.038320,0 days 00:00:01.939765,0.9861410447074633,0.4256001703070084,0.14823172725855926,9,1,151,0.622039875747369,0.07323498376918047,0.8006457842251554,COMPLETE
122,0.9020930163445198,2025-05-18 11:35:16.040321,2025-05-18 11:35:18.335872,0 days 00:00:02.295551,0.9785199949789686,0.514628889016694,0.15278082954144723,9,1,155,0.7140272044006106,0.39159872628959347,0.8091663424228226,COMPLETE
123,0.8997106665824668,2025-05-18 11:35:18.337873,2025-05-18 11:35:20.639230,0 days 00:00:02.301357,0.9790935133152597,0.5789824533736175,0.13638072268703977,9,1,165,0.7685872426308431,0.3275994526630054,0.8141470325818836,COMPLETE
124,0.9026101572397195,2025-05-18 11:35:20.641230,2025-05-18 11:35:22.823168,0 days 00:00:02.181938,0.9735911865181678,0.5024664357583374,0.12732660733173787,9,1,157,0.7839029620802751,0.3753158512005556,0.8389274505373696,COMPLETE
125,0.8994058462603278,2025-05-18 11:35:22.824168,2025-05-18 11:35:24.718298,0 days 00:00:01.894130,0.9735107476556746,0.21753646408560912,0.12803149906550487,9,1,156,0.6820136278704497,0.787739570561136,0.8261781688203692,COMPLETE
126,0.9004515183847881,2025-05-18 11:35:24.719299,2025-05-18 11:35:26.194964,0 days 00:00:01.475665,0.9584449183153065,0.48203725714324136,0.1731424322884385,9,1,160,0.7190975146540813,0.3847481506977259,0.8398482353942174,COMPLETE
127,0.8993047780794377,2025-05-18 11:35:26.196964,2025-05-18 11:35:27.972645,0 days 00:00:01.775681,0.9690923787033222,0.3861314629352791,0.151214503515216,10,1,145,0.8012566976645987,0.35494416937214623,0.8318156347198361,COMPLETE
128,0.9031661856410182,2025-05-18 11:35:27.973645,2025-05-18 11:35:29.321146,0 days 00:00:01.347501,0.9799337376435906,0.7423127084230409,0.19140292422372499,9,1,154,0.7823271561992298,0.40385551139956205,0.8647610140818047,COMPLETE
129,0.9018400415924067,2025-05-18 11:35:29.323146,2025-05-18 11:35:30.879574,0 days 00:00:01.556428,0.7009914786009056,0.11422458034575167,0.18999197429414952,9,1,127,0.7510367676247756,0.4110064297296783,0.8652033920439074,COMPLETE
130,0.9004669202941048,2025-05-18 11:35:30.880576,2025-05-18 11:35:32.535884,0 days 00:00:01.655308,0.7008074520134422,0.005200579003028505,0.18644386916654743,9,1,138,0.733311886639286,0.4582332438638477,0.887433924715648,COMPLETE
131,0.8950038381097969,2025-05-18 11:35:32.537884,2025-05-18 11:35:34.470268,0 days 00:00:01.932384,0.7138443887796102,0.12422406377307693,0.20790875633431916,9,1,150,0.7876075148723072,0.4039348675885924,0.8543258203002724,COMPLETE
132,0.8984819640392709,2025-05-18 11:35:34.472265,2025-05-18 11:35:35.823820,0 days 00:00:01.351555,0.7545339202391006,0.31177154077335756,0.1934582778608594,9,1,127,0.7543845581335112,0.4348082318398546,0.8660868110509474,COMPLETE
133,0.899232496843088,2025-05-18 11:35:35.824820,2025-05-18 11:35:37.458568,0 days 00:00:01.633748,0.9826303075004613,0.5169540263134473,0.21788849607709362,9,1,141,0.8377881000676933,0.4111772910791205,0.8623693854328686,COMPLETE
134,0.8963630351189595,2025-05-18 11:35:37.461570,2025-05-18 11:35:40.099705,0 days 00:00:02.638135,0.9952878273444912,0.24405229237761122,0.1616311980056039,9,1,124,0.7661170080494453,0.3801461385476391,0.842313998760723,COMPLETE
135,0.9075949696659947,2025-05-18 11:35:40.101818,2025-05-18 11:35:41.949316,0 days 00:00:01.847498,0.9795271581825494,0.7383905425405373,0.2454489998694991,10,1,116,0.707629995473688,0.3081218908764143,0.868245018495419,COMPLETE
136,0.900670016565242,2025-05-18 11:35:41.952315,2025-05-18 11:35:44.386145,0 days 00:00:02.433830,0.9785619282897089,0.725045044300861,0.242442882033405,10,1,119,0.7102790505967711,0.31661557191584866,0.8708678425434286,COMPLETE
137,0.9005309820518461,2025-05-18 11:35:44.388148,2025-05-18 11:35:46.797368,0 days 00:00:02.409220,0.9703290415539985,0.1241773515447784,0.10401880323838394,10,1,107,0.679959338367937,0.3381101912413685,0.8969614892088373,COMPLETE
138,0.900822588809002,2025-05-18 11:35:46.799369,2025-05-18 11:35:48.669760,0 days 00:00:01.870391,0.9862581127628225,0.6160159441196866,0.14217718396621867,10,1,118,0.7015530867472611,0.3644253484235865,0.848071603673038,COMPLETE
139,0.8993314110386417,2025-05-18 11:35:48.671346,2025-05-18 11:35:50.186990,0 days 00:00:01.515644,0.961067741461325,0.8135860971664024,0.2771680919438551,8,1,133,0.7413113968516647,0.266535924101843,0.8669924481740465,COMPLETE
140,0.900966954556451,2025-05-18 11:35:50.188991,2025-05-18 11:35:51.953540,0 days 00:00:01.764549,0.7121978127893294,0.405219856441446,0.17237750278809427,9,1,114,0.6418859657056294,0.2818443549230249,0.8546722977641735,COMPLETE
141,0.90192616236927,2025-05-18 11:35:51.955540,2025-05-18 11:35:53.337203,0 days 00:00:01.381663,0.9779664951418069,0.5235615407147206,0.201684770072965,9,1,154,0.7272927984476943,0.36924283663487706,0.8846292908620226,COMPLETE
142,0.9004039519942135,2025-05-18 11:35:53.339203,2025-05-18 11:35:55.161965,0 days 00:00:01.822762,0.9748312963829554,0.625322120951287,0.1997988943939019,9,1,239,0.7282084097367615,0.4124165051497245,0.9131937397223677,COMPLETE
143,0.9031179127735729,2025-05-18 11:35:55.162964,2025-05-18 11:35:56.975899,0 days 00:00:01.812935,0.9508133696837426,0.5019807478743226,0.09013184343757616,9,1,154,0.6753384039104504,0.37317321769981815,0.8896212537530427,COMPLETE
144,0.9011799082599191,2025-05-18 11:35:56.977899,2025-05-18 11:35:58.723817,0 days 00:00:01.745918,0.980082095032164,0.32040837657128274,0.09323509041092976,9,1,155,0.7106023715393636,0.37138838018053566,0.8814468302543336,COMPLETE
145,0.8999839164747988,2025-05-18 11:35:58.724817,2025-05-18 11:36:00.502313,0 days 00:00:01.777496,0.9909457090618821,0.20036167232526875,0.12031109857669937,9,1,101,0.6695675809724282,0.34768825379124046,0.8820483417503016,COMPLETE
146,0.9005038105186924,2025-05-18 11:36:00.504316,2025-05-18 11:36:02.131355,0 days 00:00:01.627039,0.9667163839539927,0.7095674233349705,0.08406404500288431,10,1,145,0.7519727465410868,0.4373374101117947,0.9070321679196831,COMPLETE
147,0.8989412147254868,2025-05-18 11:36:02.133356,2025-05-18 11:36:03.466538,0 days 00:00:01.333182,0.9504635921784746,0.5225658694391099,0.22540667132006098,9,1,163,0.7819155286734205,0.3985711730096759,0.8862157158439998,COMPLETE
148,0.8983335105350894,2025-05-18 11:36:03.468538,2025-05-18 11:36:05.802140,0 days 00:00:02.333602,0.9850277922602559,0.09619242118414124,0.0993134362829014,9,1,168,0.6913420020093187,0.7106911735474071,0.8962094821344881,COMPLETE
149,0.8828493873734126,2025-05-18 11:36:05.804140,2025-05-18 11:36:07.001429,0 days 00:00:01.197289,0.7234148686092303,4.220508569493036,0.11529978751158153,8,1,159,0.8112029889151932,0.3863790999406919,0.8749777139385788,COMPLETE
150,0.8987360476692874,2025-05-18 11:36:07.003429,2025-05-18 11:36:08.673093,0 days 00:00:01.669664,0.9993686257492732,0.3578531515592395,0.03660615481685447,9,1,149,0.6612678592367872,0.30538950485667843,0.8355452539259571,COMPLETE
151,0.9036477255970058,2025-05-18 11:36:08.675093,2025-05-18 11:36:10.512840,0 days 00:00:01.837747,0.9555866060436363,0.4772558019011367,0.13237517424382222,9,1,153,0.5931156085508098,0.3635277289020083,0.8586794283047635,COMPLETE
152,0.9004504737777683,2025-05-18 11:36:10.514840,2025-05-18 11:36:12.515977,0 days 00:00:02.001137,0.961928107535118,0.5689323170227487,0.1258888236079012,9,1,155,0.590304986254604,0.3332189659784771,0.8592223989700539,COMPLETE
153,0.8993369064963667,2025-05-18 11:36:12.517978,2025-05-18 11:36:14.614688,0 days 00:00:02.096710,0.7567842214415805,0.8080852396552437,0.10748616602944305,9,1,151,0.7230052081465629,0.36120525299883544,0.8644787152450457,COMPLETE
154,0.9018814037919164,2025-05-18 11:36:14.616689,2025-05-18 11:36:17.080911,0 days 00:00:02.464222,0.9711054247214546,0.45815073230746767,0.13619103062691215,9,1,146,0.5366572360325207,0.410772078694187,0.8454860224907492,COMPLETE
155,0.9008994680060174,2025-05-18 11:36:17.082921,2025-05-18 11:36:19.688767,0 days 00:00:02.605846,0.9730891834663984,0.24754273795165416,0.12853341078829508,9,1,143,0.77585647594936,0.4508724417541647,0.8471962566539512,COMPLETE
156,0.8971994013993745,2025-05-18 11:36:19.690768,2025-05-18 11:36:21.484302,0 days 00:00:01.793534,0.9564792164340428,0.4228995371431668,0.13324769984092028,9,1,147,0.5640636879499786,0.4194104630284486,0.8904172367214842,COMPLETE
157,0.8969650521760564,2025-05-18 11:36:21.486302,2025-05-18 11:36:23.536413,0 days 00:00:02.050111,0.9476905438796107,0.0002226563855415864,0.11320307852360102,9,1,158,0.5311887309714933,0.3909600283905772,0.8693004461209934,COMPLETE
158,0.8966036063495129,2025-05-18 11:36:23.539413,2025-05-18 11:36:25.703105,0 days 00:00:02.163692,0.966480930712151,0.6797879795894675,0.08806371410518225,10,1,135,0.7580680184696078,0.5011467552351525,0.8601629100014416,COMPLETE
159,0.8985245908827002,2025-05-18 11:36:25.705104,2025-05-18 11:36:27.203674,0 days 00:00:01.498570,0.9787135056975391,0.9077548613113082,0.15701182478558856,9,1,153,0.46863779216359086,0.42803358299856675,0.8521998855301212,COMPLETE
160,0.9023249149447906,2025-05-18 11:36:27.205674,2025-05-18 11:36:28.665555,0 days 00:00:01.459881,0.9925807944615891,0.2765233242430516,0.1380077778610532,9,1,139,0.505471003764367,0.4787327775646669,0.8779643347762526,COMPLETE
161,0.901024178322255,2025-05-18 11:36:28.666556,2025-05-18 11:36:30.364794,0 days 00:00:01.698238,0.9898283940004755,0.19013191915696553,0.14146676788654838,9,1,140,0.513705773229147,0.4762843858149932,0.8791060105500355,COMPLETE
162,0.9021149896948017,2025-05-18 11:36:30.365793,2025-05-18 11:36:32.151129,0 days 00:00:01.785336,0.9835515424206462,0.29929806091775324,0.12038363277049893,9,1,146,0.44705511802860204,0.4589050860521526,0.9831264411715284,COMPLETE
163,0.898558388533623,2025-05-18 11:36:32.152129,2025-05-18 11:36:33.368189,0 days 00:00:01.216060,0.9850151540304733,0.376629605381575,0.13508362881251532,9,1,143,0.43699239042122057,0.4689824100458087,0.9687467211602196,COMPLETE
164,0.9052833571274872,2025-05-18 11:36:33.369189,2025-05-18 11:36:35.258414,0 days 00:00:01.889225,0.9729648463572342,0.5001921372625621,0.12273414126052976,9,1,149,0.4885704968898096,0.44253177695146423,0.9285813911539585,COMPLETE
165,0.9000354199790965,2025-05-18 11:36:35.274414,2025-05-18 11:36:37.090736,0 days 00:00:01.816322,0.9710724649460023,0.4867601155520973,0.12280677186509495,9,1,150,0.49563069811043603,0.49347908495910586,0.9714544122620433,COMPLETE
166,0.8990287005243983,2025-05-18 11:36:37.092739,2025-05-18 11:36:38.891540,0 days 00:00:01.798801,0.9932382380707305,0.6155038227315546,0.11518304337624546,9,1,163,0.5483909071428773,0.4432585926228031,0.9284366649214052,COMPLETE
167,0.9015943465534435,2025-05-18 11:36:38.893542,2025-05-18 11:36:40.269420,0 days 00:00:01.375878,0.9759433942926495,0.7606784825580111,0.1416685520237423,8,1,153,0.48121570707095973,0.46020094981209125,0.9311382654916358,COMPLETE
168,0.8960965603422297,2025-05-18 11:36:40.271421,2025-05-18 11:36:42.054005,0 days 00:00:01.782584,0.961498680504776,0.5559355574379132,0.12867650320798854,9,5,146,0.4550263387019126,0.5096290219838482,0.9487003972068493,COMPLETE
169,0.897593612910504,2025-05-18 11:36:42.056006,2025-05-18 11:36:44.137455,0 days 00:00:02.081449,0.9833427226713031,0.30295031501183517,0.15358278010601872,9,1,157,0.39019692289865787,0.35288171712261435,0.9408451259967043,COMPLETE
170,0.9037295567594426,2025-05-18 11:36:44.139456,2025-05-18 11:36:45.729470,0 days 00:00:01.590014,0.9714293429050425,0.4569368450644396,0.10714844871468049,9,1,161,0.5193310715906607,0.37588462114846,0.9023995571902812,COMPLETE
171,0.8981989105769137,2025-05-18 11:36:45.732471,2025-05-18 11:36:47.766102,0 days 00:00:02.033631,0.9693525532512725,0.4522946419237636,0.10760157175400031,9,1,166,0.41688277214133035,0.38831388707708364,0.8439615017840248,COMPLETE
172,0.9048103709152441,2025-05-18 11:36:47.767104,2025-05-18 11:36:49.490481,0 days 00:00:01.723377,0.9932387536966106,0.5097295323849614,0.09577260306947205,9,1,158,0.5242138886489623,0.3746305108188808,0.901332269813196,COMPLETE
173,0.9012964422106945,2025-05-18 11:36:49.492481,2025-05-18 11:36:51.062292,0 days 00:00:01.569811,0.9999954770753238,0.6403814515661913,0.09595819658488262,9,1,161,0.520463767971616,0.3701605439376156,0.899037365504591,COMPLETE
174,0.9061664095005434,2025-05-18 11:36:51.064292,2025-05-18 11:36:52.697711,0 days 00:00:01.633419,0.9928958366661431,0.35483061832143514,0.10674497385232895,9,1,154,0.5043574957523961,0.3333463690453383,0.912425881012245,COMPLETE
175,0.9006502336649783,2025-05-18 11:36:52.698710,2025-05-18 11:36:54.436447,0 days 00:00:01.737737,0.9896988655869033,0.5416631490427823,0.104562995686694,9,1,154,0.4908230326478931,0.3166839768052614,0.9199362175535608,COMPLETE
176,0.9017027053905281,2025-05-18 11:36:54.438448,2025-05-18 11:36:56.497184,0 days 00:00:02.058736,0.9932904375833421,0.37298182289384296,0.09439089258748168,10,1,157,0.45749756624277643,0.33200736333080416,0.904628980054289,COMPLETE
177,0.9008089970218203,2025-05-18 11:36:56.499186,2025-05-18 11:36:58.224681,0 days 00:00:01.725495,0.9812451057749132,0.70542799009284,0.11771400293592756,9,1,161,0.5099582548527233,0.3471004631874897,0.9125265839282855,COMPLETE
178,0.899482334488658,2025-05-18 11:36:58.225682,2025-05-18 11:37:00.278061,0 days 00:00:02.052379,0.9940646292298274,0.2887707447272332,0.08918541660782658,9,1,150,0.4813549617405917,0.371932950436218,0.9122518008718344,COMPLETE
179,0.9031438210761433,2025-05-18 11:37:00.279646,2025-05-18 11:37:02.222579,0 days 00:00:01.942933,0.9870872062891343,0.5071323826180485,0.10113249117236185,9,1,139,0.5036234010321882,0.30726113998681515,0.9021139860720195,COMPLETE
180,0.9001640336129858,2025-05-18 11:37:02.224579,2025-05-18 11:37:04.479590,0 days 00:00:02.255011,0.9870701008144457,0.6258281265722264,0.10163424160189974,9,1,137,0.550025408011085,0.3138197250504067,0.9025119735489952,COMPLETE
181,0.9010547259291329,2025-05-18 11:37:04.481589,2025-05-18 11:37:06.601975,0 days 00:00:02.120386,0.9787201226981082,0.5096629541803699,0.11061448274992343,9,1,140,0.5044539239539783,0.28985493410664,0.8915841753902561,COMPLETE
182,0.9012281389513923,2025-05-18 11:37:06.602975,2025-05-18 11:37:08.715413,0 days 00:00:02.112438,0.985072912290619,0.4340629806798971,0.118912697957699,9,1,151,0.4467120971452298,0.33106340708438026,0.9187950667450445,COMPLETE
183,0.9036818806814875,2025-05-18 11:37:08.717414,2025-05-18 11:37:11.322883,0 days 00:00:02.605469,0.9958768710227884,0.344070105982324,0.09745758394970683,9,1,158,0.4753998325323363,0.35458111160695116,0.8735844555392023,COMPLETE
184,0.901289852599964,2025-05-18 11:37:11.325612,2025-05-18 11:37:14.095358,0 days 00:00:02.769746,0.9954645316533368,0.36415993008926273,0.0981181163940809,9,1,170,0.4798293041952375,0.3475405343896808,0.8740574758950483,COMPLETE
185,0.9045370550339433,2025-05-18 11:37:14.097358,2025-05-18 11:37:16.614910,0 days 00:00:02.517552,0.9893435510435231,0.2788913267496195,0.07920343451210535,9,1,161,0.5253151274778618,0.30411761293282924,0.8945783464478433,COMPLETE
186,0.9003314767336037,2025-05-18 11:37:16.615910,2025-05-18 11:37:19.535311,0 days 00:00:02.919401,0.9908064531661935,0.2594250351142955,0.08104571462868806,9,1,173,0.5145426591738333,0.30449008881028616,0.893868523313376,COMPLETE
187,0.9030138399646206,2025-05-18 11:37:19.536882,2025-05-18 11:37:21.805872,0 days 00:00:02.268990,0.9964305537727701,0.28537251454779244,0.06974800602492065,9,1,160,0.46773412704919937,0.2882123294449105,0.9081688440663315,COMPLETE
188,0.9051729445343241,2025-05-18 11:37:21.807983,2025-05-18 11:37:23.755117,0 days 00:00:01.947134,0.999161191049419,0.20496396517473925,0.073498712425182,8,1,165,0.5748868540519807,0.2595580214982152,0.9070141231583245,COMPLETE
189,0.907041750971513,2025-05-18 11:37:23.757117,2025-05-18 11:37:25.716651,0 days 00:00:01.959534,0.9947174635076619,0.18689660421621235,0.07217044876817352,8,1,166,0.5710580885345324,0.2659315768118326,0.8981506699665031,COMPLETE
190,0.902065349893011,2025-05-18 11:37:25.718651,2025-05-18 11:37:27.626650,0 days 00:00:01.907999,0.9987449838148682,0.18488745301602386,0.07418067292013049,8,1,167,0.5803944452505801,0.24760397581458612,0.902840555284247,COMPLETE
191,0.9048342455594826,2025-05-18 11:37:27.627650,2025-05-18 11:37:29.687799,0 days 00:00:02.060149,0.9999934461461304,0.37108557275071385,0.0636713089455534,8,1,164,0.5706697892969489,0.2558084578283361,0.9081069880968479,COMPLETE
192,0.9030050481754818,2025-05-18 11:37:29.688799,2025-05-18 11:37:31.916015,0 days 00:00:02.227216,0.9987379394576501,0.37440419003165937,0.06420271435485041,8,1,164,0.5676550937336715,0.270143657380411,0.9097874353045735,COMPLETE
193,0.907472039191116,2025-05-18 11:37:31.917615,2025-05-18 11:37:33.908195,0 days 00:00:01.990580,0.9985903491206649,0.41521496981124956,0.06812791365200264,8,1,163,0.5672747560818103,0.2648313183036992,0.9086552933013616,COMPLETE
194,0.9040230747212957,2025-05-18 11:37:33.910196,2025-05-18 11:37:36.193790,0 days 00:00:02.283594,0.9986049166780566,0.38430080799262306,0.0641049831269392,8,1,175,0.5738908771604027,0.266305924908925,0.9092208527109852,COMPLETE
195,0.9061423997072412,2025-05-18 11:37:36.195791,2025-05-18 11:37:38.880721,0 days 00:00:02.684930,0.9993083455827722,0.18178264632262475,0.06538833113395633,8,1,166,0.569749695909169,0.27182571444550685,0.9085060273246599,COMPLETE
196,0.9012206750952472,2025-05-18 11:37:38.882721,2025-05-18 11:37:41.949932,0 days 00:00:03.067211,0.9980296220204918,0.16447387440966632,0.061039959041967996,8,1,176,0.6063902896969222,0.2392728654318467,0.9190723380539322,COMPLETE
197,0.9042970014618192,2025-05-18 11:37:41.951932,2025-05-18 11:37:43.742474,0 days 00:00:01.790542,0.9941567121083196,0.28265304302551575,0.05458382985167656,8,1,170,0.572674927986125,0.2139179010602896,0.9000572711077581,COMPLETE
198,0.9010420778428573,2025-05-18 11:37:43.743474,2025-05-18 11:37:45.696043,0 days 00:00:01.952569,0.9904606261945736,0.18871941042836246,0.06549060184936963,8,1,171,0.5765457209380165,0.25082207536398754,0.9000428490410375,COMPLETE
199,0.9022811066278895,2025-05-18 11:37:45.698043,2025-05-18 11:37:47.548191,0 days 00:00:01.850148,0.9988826881483441,0.3763721407005678,0.05170725617805912,8,1,166,0.5478162818888108,0.20712066249421002,0.9154498581174226,COMPLETE
200,0.8997988659987812,2025-05-18 11:37:47.549190,2025-05-18 11:37:49.523697,0 days 00:00:01.974507,0.9896614963552676,0.09448862074618081,0.0519719390829365,8,1,174,0.5592650017971171,0.22849275374373398,0.9235083819108273,COMPLETE
201,0.9011330608336374,2025-05-18 11:37:49.525696,2025-05-18 11:37:51.218038,0 days 00:00:01.692342,0.993832915380253,0.2511865998053852,0.06760132250053413,8,1,162,0.5927597482165905,0.2769103474862508,0.9072881749127895,COMPLETE
202,0.9044279948028252,2025-05-18 11:37:51.219659,2025-05-18 11:37:53.127616,0 days 00:00:01.907957,0.9998252605207719,0.33049701967855416,0.07075534267603745,8,1,164,0.5282463979495184,0.26143961469903493,0.9072072088228298,COMPLETE
203,0.9020792625226479,2025-05-18 11:37:53.128616,2025-05-18 11:37:55.149258,0 days 00:00:02.020642,0.9892299919723297,0.40528159586013707,0.05722482960210396,8,1,170,0.5327953261566813,0.18407170168913967,0.8958790377183473,COMPLETE
204,0.9012590550277402,2025-05-18 11:37:55.151259,2025-05-18 11:37:57.529691,0 days 00:00:02.378432,0.9999631847729911,0.33728389224683514,0.07444032720399398,8,1,164,0.6094625750083617,0.27092980660366917,0.9028436249925097,COMPLETE
205,0.8908246590307529,2025-05-18 11:37:57.531692,2025-05-18 11:37:59.447487,0 days 00:00:01.915795,0.987057318026775,3.4113472967638865,0.06192632530240507,8,1,167,0.5693869825937894,0.2494650002683337,0.8940227268186768,COMPLETE
206,0.9033084544634764,2025-05-18 11:37:59.449487,2025-05-18 11:38:02.678996,0 days 00:00:03.229509,0.9949297338874558,0.2047449081349249,0.07149793221026388,8,1,160,0.5361204814406759,0.25709563480717035,0.9071426860148268,COMPLETE
207,0.9012386531689,2025-05-18 11:38:02.680997,2025-05-18 11:38:05.110787,0 days 00:00:02.429790,0.9940667669840522,0.1926900567091126,0.07152748062496063,8,1,160,0.5361874824594105,0.2299071415718023,0.932365020829315,COMPLETE
208,0.9042696205920671,2025-05-18 11:38:05.112786,2025-05-18 11:38:07.709300,0 days 00:00:02.596514,0.9999229013659655,0.11877738652476266,0.0550083675073112,8,1,179,0.5286182764313284,0.2056511400235608,0.9141544639771065,COMPLETE
209,0.9003253248427545,2025-05-18 11:38:07.711300,2025-05-18 11:38:09.911307,0 days 00:00:02.200007,0.9999587986488886,0.06978315670261676,0.07760569778009432,8,1,179,0.5337169520755507,0.20944376862128689,0.9163342702607529,COMPLETE
210,0.9015458059647109,2025-05-18 11:38:09.912307,2025-05-18 11:38:12.620795,0 days 00:00:02.708488,0.9937403372084254,0.15314414809016066,0.05529080965913541,8,1,175,0.556919597297785,0.26731615661042024,0.9081767461589697,COMPLETE
211,0.9023496489980958,2025-05-18 11:38:12.622795,2025-05-18 11:38:15.109153,0 days 00:00:02.486358,0.9998059687408514,0.22121530458772348,0.060458666383146946,8,1,169,0.5802829132344897,0.2953218197607378,0.9017533943300452,COMPLETE
212,0.9027802327531773,2025-05-18 11:38:15.111154,2025-05-18 11:38:18.067565,0 days 00:00:02.956411,0.9863595200768823,0.2991064220399094,0.06790262676126142,8,1,164,0.5232572953832477,0.2543848080508614,0.9121510502125889,COMPLETE
213,0.9004065439556498,2025-05-18 11:38:18.069565,2025-05-18 11:38:20.084827,0 days 00:00:02.015262,0.9924729747815216,0.4035859272615018,0.06466892157848256,8,1,173,0.5919485915540925,0.1992419731112657,0.9036467424128317,COMPLETE
214,0.900771961236713,2025-05-18 11:38:20.086827,2025-05-18 11:38:22.513558,0 days 00:00:02.426731,0.986054315664472,0.09147081994242695,0.08014459081790705,8,1,166,0.5487829726989979,0.16513570177183778,0.9235868141326639,COMPLETE
215,0.8927248849255001,2025-05-18 11:38:22.516072,2025-05-18 11:38:24.532211,0 days 00:00:02.016139,0.9941380011936934,2.6489512207386734,0.050179519565284214,8,1,159,0.5056482163762356,0.2353475159224706,0.8986783511278521,COMPLETE
216,0.8991453440072602,2025-05-18 11:38:24.534211,2025-05-18 11:38:28.168708,0 days 00:00:03.634497,0.9829829386591271,0.2652727723393569,0.042443315507994094,8,1,180,0.5709363928765843,0.28559368295622256,0.9080219630172378,COMPLETE
217,0.903335165924867,2025-05-18 11:38:28.170709,2025-05-18 11:38:30.235884,0 days 00:00:02.065175,0.9917957912038502,0.18065431822790903,0.0704278331311332,8,1,162,0.6160907035424763,0.2162146224598876,0.9350815210120517,COMPLETE
218,0.9003773212030906,2025-05-18 11:38:30.237882,2025-05-18 11:38:33.971193,0 days 00:00:03.733311,0.9929406754692935,0.007679651897111672,0.07101993444692752,8,1,169,0.5998671408888925,0.2160613976601492,0.9361978120824642,COMPLETE
219,0.8998261510331764,2025-05-18 11:38:33.973192,2025-05-18 11:38:35.996836,0 days 00:00:02.023644,0.9999527259365106,0.17442839668653626,0.06319240343405164,8,1,162,0.6192487130475876,0.2572110551026814,0.9228119204747651,COMPLETE
220,0.9036630221030549,2025-05-18 11:38:35.998836,2025-05-18 11:38:38.263943,0 days 00:00:02.265107,0.9888909606478242,0.37439340428897183,0.07487214622115282,8,1,159,0.5549889391604375,0.17683022108322993,0.9156070180838777,COMPLETE
221,0.90121552289127,2025-05-18 11:38:38.265943,2025-05-18 11:38:40.453200,0 days 00:00:02.187257,0.9893091642596241,0.3900111452468079,0.07386453532449383,8,1,164,0.5291790313236153,0.18071162673039845,0.9130057541682056,COMPLETE
222,0.9062946696946254,2025-05-18 11:38:40.455202,2025-05-18 11:38:43.392683,0 days 00:00:02.937481,0.9924563845647146,0.32341384004787943,0.05805202323410371,8,1,268,0.5515032574681219,0.16640734781525823,0.9167318464394822,COMPLETE
223,0.903559703884393,2025-05-18 11:38:43.394684,2025-05-18 11:38:45.673208,0 days 00:00:02.278524,0.9943049594830946,0.32573568564682176,0.056411041918971505,8,1,159,0.5559653213783189,0.17206342056486043,0.9173122518046658,COMPLETE
224,0.8996739795069836,2025-05-18 11:38:45.675208,2025-05-18 11:38:47.493138,0 days 00:00:01.817930,0.9942902068551068,0.326507127648058,0.05538912696916077,8,1,159,0.5564433814865409,0.15472291558997275,0.9180332841674808,COMPLETE
225,0.9039531591629886,2025-05-18 11:38:47.494703,2025-05-18 11:38:50.291403,0 days 00:00:02.796700,0.9944993251323577,0.17448925120215503,0.0572527943956622,8,1,270,0.5783596133877275,0.16826393090302982,0.9281247769267577,COMPLETE
226,0.9036713520212296,2025-05-18 11:38:50.293403,2025-05-18 11:38:52.129083,0 days 00:00:01.835680,0.9999185448689476,0.11382301507811854,0.05965110994661631,8,1,169,0.5735473715711269,0.18953963722925515,0.9417544166491967,COMPLETE
227,0.9014822446393286,2025-05-18 11:38:52.130083,2025-05-18 11:38:56.474588,0 days 00:00:04.344505,0.9958484626329005,0.08179502251752196,0.04738240139025272,8,1,286,0.5798646522795875,0.1361285428892163,0.9245581360153459,COMPLETE
228,0.9021606826102309,2025-05-18 11:38:56.476587,2025-05-18 11:38:59.499671,0 days 00:00:03.023084,0.9877514368904609,0.31123740418015616,0.05413797427211773,8,1,172,0.567484380215784,0.16120668589422743,0.9433064433757461,COMPLETE
229,0.8960093453160214,2025-05-18 11:38:59.501672,2025-05-18 11:39:02.044747,0 days 00:00:02.543075,0.9981243697810153,2.231199776828328,0.05990778602637187,8,1,272,0.5886845240985381,0.11877813914814267,0.9159906631453563,COMPLETE
230,0.9032894542597307,2025-05-18 11:39:02.046747,2025-05-18 11:39:05.142263,0 days 00:00:03.095516,0.9997078130261027,0.43450797692126847,0.057990435009323354,8,1,263,0.5494195997185413,0.18484595514156363,0.9254711316876221,COMPLETE
231,0.9033105541400854,2025-05-18 11:39:05.144263,2025-05-18 11:39:08.171772,0 days 00:00:03.027509,0.9901091867501564,0.15343266864466257,0.06483702868956118,8,1,267,0.6074907537601,0.2056345937279329,0.9356184918218988,COMPLETE
232,0.9043680600860174,2025-05-18 11:39:08.172772,2025-05-18 11:39:10.997171,0 days 00:00:02.824399,0.9999837417485425,0.251192208038425,0.058605261772913975,8,1,168,0.5681258221482544,0.17096174646002502,0.9393998083203201,COMPLETE
233,0.9048277087090675,2025-05-18 11:39:10.998171,2025-05-18 11:39:14.082899,0 days 00:00:03.084728,0.994405403788624,0.27961406783959786,0.05500638280022457,8,1,278,0.563495461813503,0.17418031161545136,0.9175330034642969,COMPLETE
234,0.9019630991818206,2025-05-18 11:39:14.084899,2025-05-18 11:39:16.854260,0 days 00:00:02.769361,0.9996250363634342,0.2873855392476599,0.05379714170795588,8,1,283,0.584518420677799,0.13909142592342422,0.953822373316744,COMPLETE
235,0.9040946318076732,2025-05-18 11:39:16.856261,2025-05-18 11:39:20.746495,0 days 00:00:03.890234,0.9850694379452263,0.4165703213527744,0.048188046251624705,8,1,271,0.5269648443630666,0.18985903608524213,0.9419036295559702,COMPLETE
236,0.9037396634724647,2025-05-18 11:39:20.748494,2025-05-18 11:39:25.736093,0 days 00:00:04.987599,0.984279352191995,0.0005838188367777164,0.05924024311023097,8,1,255,0.5205065500491377,0.19360399531655803,0.9286177660753696,COMPLETE
237,0.8975895198411055,2025-05-18 11:39:25.738093,2025-05-18 11:39:29.231894,0 days 00:00:03.493801,0.9833279304678509,0.015131061592026762,0.04874990248173477,8,1,279,0.5214022572600348,0.15660137300400226,0.9438594482287476,COMPLETE
238,0.9019322705164384,2025-05-18 11:39:29.233896,2025-05-18 11:39:32.598824,0 days 00:00:03.364928,0.98344636068407,0.14526465805493224,0.045444475657208466,8,1,274,0.4877084298665885,0.1999452192295918,0.9286487196513293,COMPLETE
239,0.8971714796895316,2025-05-18 11:39:32.600824,2025-05-18 11:39:36.078333,0 days 00:00:03.477509,0.9921704471797755,0.08126398745101554,0.06437585397053872,8,1,269,0.5329288603909706,0.19147836889332778,0.938044886798423,COMPLETE
240,0.8976401736878209,2025-05-18 11:39:36.080333,2025-05-18 11:39:38.954868,0 days 00:00:02.874535,0.9994686410763798,0.2320602822413988,0.0590318372189732,8,1,256,0.5163272210112003,0.223330648531513,0.9319954527063816,COMPLETE
241,0.901892616191169,2025-05-18 11:39:38.956375,2025-05-18 11:39:42.479520,0 days 00:00:03.523145,0.9900549280083203,0.37907362022821633,0.04185742678336514,8,1,277,0.5593398065497264,0.16125242695562053,0.9098732573556019,COMPLETE
242,0.9069463056212907,2025-05-18 11:39:42.481521,2025-05-18 11:39:45.590720,0 days 00:00:03.109199,0.98777538232397,0.2322508171208073,0.05125186015039425,8,1,249,0.546843033153556,0.18681020370984064,0.9278857239507705,COMPLETE
243,0.9004924010813407,2025-05-18 11:39:45.593354,2025-05-18 11:39:49.222185,0 days 00:00:03.628831,0.9999745905546884,0.11201942068492146,0.050618683020375324,8,1,263,0.5398720178618146,0.17605209653779472,0.9455505193609322,COMPLETE
244,0.9042665288569517,2025-05-18 11:39:49.225185,2025-05-18 11:39:52.214976,0 days 00:00:02.989791,0.993455255237847,0.23748722332925304,0.05351376670435938,8,1,245,0.4972944664177869,0.19213009726003788,0.9512595084390646,COMPLETE
245,0.9034893255758946,2025-05-18 11:39:52.216977,2025-05-18 11:39:55.472882,0 days 00:00:03.255905,0.983424533576397,0.25604695162841995,0.05445944932519924,8,1,248,0.49165917561789774,0.23153313652087792,0.9626343250190839,COMPLETE
246,0.9059792233549595,2025-05-18 11:39:55.474882,2025-05-18 11:39:58.327050,0 days 00:00:02.852168,0.99196030726775,0.25547891126635547,0.05175360883348976,8,1,253,0.5029897963547153,0.1446414772514376,0.9274287030335929,COMPLETE
247,0.9006654733685994,2025-05-18 11:39:58.328607,2025-05-18 11:40:00.763213,0 days 00:00:02.434606,0.9874361500957383,0.24346357604797403,0.04836311008702776,8,1,248,0.5181846553116755,0.11296852781276966,0.958269767721036,COMPLETE
248,0.9018364412345427,2025-05-18 11:40:00.765289,2025-05-18 11:40:03.478627,0 days 00:00:02.713338,0.9924987766246933,0.22434962208883494,0.05085068270831249,8,1,251,0.49726574233160503,0.1474678924985699,0.9278480203816908,COMPLETE
249,0.9006343867643204,2025-05-18 11:40:03.480630,2025-05-18 11:40:05.720890,0 days 00:00:02.240260,0.9818604502628479,0.41729874316866833,0.05326723716207095,8,1,242,0.541986310541057,0.19907205066366498,0.9508709957654732,COMPLETE
250,0.9001087602193388,2025-05-18 11:40:05.722890,2025-05-18 11:40:09.776753,0 days 00:00:04.053863,0.9877429844434036,0.018612356331559415,0.06075277867277344,8,1,258,0.5258937555669602,0.12447143652884224,0.9218296034883767,COMPLETE
251,0.9030557905654728,2025-05-18 11:40:09.777753,2025-05-18 11:40:13.264582,0 days 00:00:03.486829,0.9931356436710578,0.18313584304962693,0.04688241343618887,8,1,265,0.5034818962090395,0.24064556555367556,0.9222255817207234,COMPLETE
252,0.904349419331749,2025-05-18 11:40:13.266583,2025-05-18 11:40:18.052278,0 days 00:00:04.785695,0.9803629369603755,0.29380378251954536,0.056646183451102415,8,1,270,0.5680886008184133,0.16648070201086196,0.9287049175381021,COMPLETE
253,0.903503728694563,2025-05-18 11:40:18.054279,2025-05-18 11:40:21.899962,0 days 00:00:03.845683,0.9825488689428297,0.2901883312350226,0.0575199985664118,8,1,271,0.5661651563190476,0.1553378682665785,0.9304871077438989,COMPLETE
254,0.9024424658781109,2025-05-18 11:40:21.905962,2025-05-18 11:40:25.444977,0 days 00:00:03.539015,0.9939570639495043,0.1412975472602405,0.05534995412968377,8,1,276,0.545767157571609,0.1762914804048171,0.9275430980410521,COMPLETE
255,0.9059511884104549,2025-05-18 11:40:25.446979,2025-05-18 11:40:28.031723,0 days 00:00:02.584744,0.9879515993152279,0.30886014266030115,0.06746942774260363,8,1,234,0.571026820391026,0.21383549285643905,0.9360322795644966,COMPLETE
